id,name,brand,affiliate_link,stored_price_eur,stored_price_checked_at,reason,observed_name,observed_price_eur,evidence_url,review_action
26985fdd-1b41-46e3-9c9a-94b98f92310a,Nivea Volumen & Kraft,Nivea,https://www.dm.de/nivea-conditioner-volumen-und-kraft-p4005900918031.html,2.25,,"not_found: beobachtet NIVEA Conditioner Volumen & Kraft, 200 ml @ https://www.dm.de/nivea-conditioner-volumen-und-kraft-p4005900918031.html","NIVEA Conditioner Volumen & Kraft, 200 ml",,https://www.dm.de/nivea-conditioner-volumen-und-kraft-p4005900918031.html,manual_review
05e68c32-f096-457f-8b88-5cd3c0934873,Jean&Len Repair Keratin & Mandel,Jean&Len,https://www.dm.de/jean-und-len-haaroel-repair-keratin-und-mandel-p4262401733253.html,6.95,2026-06-10T00:00:00+00:00,llm_reports_unavailable: 5.95 EUR @ https://www.dm.de/p/d/1455746/jean-und-len-haaroel-repair-keratin-und-mandel — verify link status manually,"Jean&Len Haaröl Repair Keratin & Mandel, 100 ml",5.95,https://www.dm.de/p/d/1455746/jean-und-len-haaroel-repair-keratin-und-mandel,manual_review
22d41784-5fc6-40bb-a4dc-92841322f933,Neqi Peptide Power,Neqi,https://www.dm.de/neqi-haarkur-treatment-treasures-peptide-power-p4063528086297.html,9.99,2026-06-10T00:00:00+00:00,llm_reports_unavailable: 5.95 EUR @ https://www.dm.de/p/d/2973205/neqi-haarkur-treatment-treasures-peptide-power — verify link status manually,"NEQI Haarkur Treatment Treasures Peptide Power, 100 ml",5.95,https://www.dm.de/p/d/2973205/neqi-haarkur-treatment-treasures-peptide-power,manual_review
2ffeae68-c625-4df5-be02-0c1b620aa0fc,nedura Schwarzkümmelöl ungefiltert,nedura,https://www.dm.de/nedura-schwarzkuemmeloel-ungefiltert-p4262490410776.html,12.49,2026-06-10T00:00:00+00:00,price delta 44% (12.49 -> 17.95 EUR) exceeds 30%,"nedura Schwarzkümmelöl ungefiltert, 500 ml",17.95,https://www.dm.de/p/d/3098859/nedura-schwarzkuemmeloel-ungefiltert,manual_review
3ce9a9da-4d58-4a66-a424-f8818960b5dc,Schaebens Argan-Öl Haarmaske,Schaebens,https://www.dm.de/schaebens-haarmaske-arganoel-p4003573025018.html,1.49,2026-06-10T00:00:00+00:00,llm_reports_unavailable: 1.45 EUR @ https://www.dm.de/p/d/1688048/schaebens-haarmaske-arganoel — verify link status manually,"Schaebens Haarmaske Arganöl, 20 ml",1.45,https://www.dm.de/p/d/1688048/schaebens-haarmaske-arganoel,manual_review
41e09958-5a1f-4997-b99b-f8384b7a8c0c,Trockenshampoo Kopfhaut Sensitive,Balea,https://www.dm.de/balea-trockenshampoo-kopfhaut-sensitive-p4066447438789.html,1.95,2026-06-10T00:00:00+00:00,llm_reports_unavailable: 1.95 EUR @ https://www.dm.de/p/d/1711758/balea-trockenshampoo-kopfhaut-sensitive — verify link status manually,"Balea Trockenshampoo Kopfhaut Sensitive, 200 ml",1.95,https://www.dm.de/p/d/1711758/balea-trockenshampoo-kopfhaut-sensitive,manual_review
55727898-2a5e-4f01-ace1-bd91521d98ab,Balea Aqua Hyaluron 3 in 1,Balea Aqua,https://www.dm.de/balea-professional-haarmaske-3in1-aqua-hyaluron-p4066447668315.html,2.75,2026-06-10T00:00:00+00:00,llm_reports_unavailable: 2.75 EUR @ https://www.dm.de/p/d/1417521/balea-professional-haarmaske-3in1-aqua-hyaluron — verify link status manually,"Balea PROFESSIONAL Haarmaske 3in1 Aqua Hyaluron, 150 ml",2.75,https://www.dm.de/p/d/1417521/balea-professional-haarmaske-3in1-aqua-hyaluron,manual_review
786a1396-914e-4739-a32c-1c3ead39a3d1,Trockenshampoo Original,Batiste,https://www.dm.de/batiste-trockenshampoo-original-p5010724527481.html,3.75,2026-06-10T00:00:00+00:00,llm_reports_unavailable: 3.75 EUR @ https://www.dm.de/p/d/1551780/batiste-trockenshampoo-original — verify link status manually,"Batiste Trockenshampoo Original, 200 ml",3.75,https://www.dm.de/p/d/1551780/batiste-trockenshampoo-original,manual_review
9bfe0a67-72ad-4951-bb99-9f2f5d5c724a,dmBio natives Olivenöl extra,dmBio,https://www.dm.de/dmbio-natives-olivenoel-extra-p4066447423761.html,3.75,2026-06-10T00:00:00+00:00,price delta 85% (3.75 -> 6.95 EUR) exceeds 30%,"dmBio Natives Olivenöl extra, 750 ml",6.95,https://www.dm.de/p/d/1459848/dmbio-natives-olivenoel-extra,manual_review
a17d3783-2854-4911-bbfa-b2f3ef7f95a8,Pantene Hydra Glow,Pantene,https://www.dm.de/pantene-pro-v-haarmaske-miracles-hydra-glow-deep-hydration-p8700216173261.html,3.99,2026-06-10T00:00:00+00:00,price delta 62% (3.99 -> 6.45 EUR) exceeds 30%,"PANTENE PRO-V Haarmaske miracles Hydra Glow Deep Hydration, 300 ml",6.45,https://www.dm.de/p/d/1343858/pantene-pro-v-haarmaske-miracles-hydra-glow-deep-hydration,manual_review
a72d630d-547a-465f-9846-3006b38af0a2,Garnier Hair Food Macadamia,Garnier,https://www.dm.de/garnier-fructis-haarkur-macadamia-hair-food-3in1-maske-p3600542511612.html,5.95,2026-06-10T00:00:00+00:00,llm_reports_unavailable: 5.95 EUR @ https://www.dm.de/p/d/1676326/garnier-fructis-haarkur-macadamia-hair-food-3in1-maske — verify link status manually,"GARNIER FRUCTIS Haarkur Macadamia Hair Food 3in1 Maske, 400 ml",5.95,https://www.dm.de/p/d/1676326/garnier-fructis-haarkur-macadamia-hair-food-3in1-maske,manual_review
aa349c07-1add-44d4-9161-d99190182e5c,OGX Argan weightless Öl,OGX,https://www.dm.de/ogx-haaroel-moroccan-argan-oil-weightless-dry-out-oil-p22796976208.html,8.95,2026-06-10T00:00:00+00:00,no_price_found: beobachtet Ogx Argan Reviving Dry Oil 118 ml - Haaröl @ https://www.boozt.com/de/de/ogx/argan-reviving-dry-oil-118-ml_30595984/224722169,Ogx Argan Reviving Dry Oil 118 ml - Haaröl,15.73,https://www.boozt.com/de/de/ogx/argan-reviving-dry-oil-118-ml_30595984/224722169,manual_review
bc6ab308-7b6e-4d72-92aa-313a43c9c77d,Neqi Build Boost,Neqi,https://www.dm.de/p/d/2972777/neqi-haarkur-treatment-treasures-build-boost,9.99,2026-06-10T00:00:00+00:00,llm_reports_unavailable: 9.95 EUR @ https://www.dm.de/p/d/2972777/neqi-haarkur-treatment-treasures-build-boost — verify link status manually,"NEQI Haarkur Treatment Treasures Build Boost, 100 ml",9.95,https://www.dm.de/p/d/2972777/neqi-haarkur-treatment-treasures-build-boost,manual_review
c6e80f39-20ba-401e-b041-6ee7c89a5996,Balea Aqua Hyaluron 3in1,Balea Aqua,https://www.dm.de/balea-professional-haarmaske-3in1-aqua-hyaluron-p4066447668315.html,2.75,2026-06-10T00:00:00+00:00,llm_reports_unavailable: 2.75 EUR @ https://www.dm.de/p/d/1417521/balea-professional-haarmaske-3in1-aqua-hyaluron — verify link status manually,"Balea PROFESSIONAL Haarmaske 3in1 Aqua Hyaluron, 150 ml",2.75,https://www.dm.de/p/d/1417521/balea-professional-haarmaske-3in1-aqua-hyaluron,manual_review
cce6346c-8c92-4a17-b39b-cc7f300e84de,Syoss Haarkur Lamination Intense Glaze,Syoss,https://www.dm.de/syoss-haarkur-lamination-intense-glaze-p4015100867213.html,7.95,2026-06-10T00:00:00+00:00,llm_reports_unavailable: 2.95 EUR @ https://www.dm.de/p/d/3119223/syoss-haarkur-lamination-intense-glaze — verify link status manually,"syoss Haarkur Lamination Intense Glaze, 200 ml",2.95,https://www.dm.de/p/d/3119223/syoss-haarkur-lamination-intense-glaze,manual_review
ea9d38a1-25ce-4c01-868b-960cc5ee4397,Garnier Wahre Schätze Curl Revival Öl,Garnier,https://www.dm.de/wahre-schaetze-haaroel-curl-revival-elixir-p3600542624336.html,6.99,2026-06-10T00:00:00+00:00,llm_reports_unavailable: 6.95 EUR @ https://www.dm.de/p/d/3042328/wahre-schaetze-haaroel-curl-revival-elixir — verify link status manually,"Wahre Schätze Haaröl Curl Revival Elixir, 120 ml",6.95,https://www.dm.de/p/d/3042328/wahre-schaetze-haaroel-curl-revival-elixir,manual_review
f212a8ff-0a03-404a-aad5-773d5bb6f7c9,Balea Natural Beauty 3in1 Locken,Balea,https://www.dm.de/p/d/1457506/balea-haarmaske-3in1-natural-beauty-locken,2.45,2026-06-10T00:00:00+00:00,llm_reports_unavailable: 2.45 EUR @ https://www.dm.de/p/d/1457506/balea-haarmaske-3in1-natural-beauty-locken — verify link status manually,"Balea Haarmaske 3in1 Natural Beauty Locken, 250 ml",2.45,https://www.dm.de/p/d/1457506/balea-haarmaske-3in1-natural-beauty-locken,manual_review
007a0b35-2372-4836-9aa5-fd089cd588d4,Balea Natural Beauty Hibiskus,Balea,https://www.dm.de/p/d/1625969/balea-conditioner-natural-beauty-hibiskus-extrakt-und-kokosmilch,1.45,2026-06-11T00:00:00+00:00,"not_found: beobachtet Balea Conditioner Natural Beauty Bio-Hibiskus-Extrakt und Cocosmilch, 350 ml @ https://www.dm.de/p/d/1625969/balea-conditioner-natural-beauty-bio-hibiskus-extrakt-und-cocosmilch","Balea Conditioner Natural Beauty Bio-Hibiskus-Extrakt und Cocosmilch, 350 ml",,https://www.dm.de/p/d/1625969/balea-conditioner-natural-beauty-bio-hibiskus-extrakt-und-cocosmilch,manual_review
01b11043-5c87-43d2-95b5-f1cabd845423,SANTE Deep Repair Conditioner,Sante,https://www.dm.de/p/d/1335946/sante-naturally-conditioner-deep-repair,3.95,2026-06-11T00:00:00+00:00,llm_reports_unavailable: 4.95 EUR @ https://www.dm.de/p/d/1335946/sante-naturally-conditioner-deep-repair — verify link status manually,"Santé naturally. Conditioner Deep Repair, 150 ml",4.95,https://www.dm.de/p/d/1335946/sante-naturally-conditioner-deep-repair,manual_review
0d68d56f-7e82-41d0-a2a8-bbf8f02e0b33,Wahre Schätze Sanfte Hafermilch,Wahre Schätze,https://www.dm.de/wahre-schaetze-shampoo-sanfte-hafermilch-p3600542461658.html,2.29,2026-06-11T00:00:00+00:00,llm_reports_unavailable: 2.75 EUR @ https://www.dm.de/p/d/1670195/wahre-schaetze-shampoo-sanfte-hafermilch — verify link status manually,"Wahre Schätze Shampoo Sanfte Hafermilch, 300 ml",2.75,https://www.dm.de/p/d/1670195/wahre-schaetze-shampoo-sanfte-hafermilch,manual_review
16ebefbe-48d8-4c7f-9c81-b903651a6e03,Guhl Hyaluron+,Guhl,https://www.dm.de/guhl-shampoo-hyaluron-pflege-p4072600720219.html,3.99,2026-06-11T00:00:00+00:00,llm_reports_unavailable: 3.95 EUR @ https://www.dm.de/p/d/1688644/guhl-shampoo-hyaluron-pflege — verify link status manually,GUHL Shampoo Hyaluron+ Pflege,3.95,https://www.dm.de/p/d/1688644/guhl-shampoo-hyaluron-pflege,manual_review
17b6d50e-ca5b-4f66-bdd7-39bd19afe748,Hask Shampoo Argan Oil,Hask,https://www.dm.de/hask-shampoo-argan-oil-p71164343166.html,6.95,2026-06-11T00:00:00+00:00,llm_reports_unavailable: 6.95 EUR @ https://www.dm.de/p/d/1475016/hask-shampoo-argan-oil — verify link status manually,"HASK Shampoo Argan Oil, 355 ml",6.95,https://www.dm.de/p/d/1475016/hask-shampoo-argan-oil,manual_review
1f51a69f-c946-4898-9091-2fd2c59fb467,Dejan Garz Shampoo,Dejan Garz,https://www.dm.de/dejan-garz-shampoo-the-foundation-p4270004570106.html,9.99,2026-06-11T00:00:00+00:00,llm_reports_unavailable: 9.95 EUR @ https://www.dm.de/p/d/3063729/dejan-garz-shampoo-the-foundation — verify link status manually,"DEJAN GARZ Shampoo The Foundation, 300 ml",9.95,https://www.dm.de/p/d/3063729/dejan-garz-shampoo-the-foundation,manual_review
37c65daf-cc2e-44ba-a976-ac0239c11f7d,Hask Curl Care Conditioner,Hask,https://www.dm.de/p/d/1622385/hask-conditioner-curl-care,6.95,2026-06-11T00:00:00+00:00,llm_reports_unavailable: 6.95 EUR @ https://www.dm.de/p/d/1622385/hask-conditioner-curl-care — verify link status manually,"HASK Conditioner Curl Care, 355 ml",6.95,https://www.dm.de/p/d/1622385/hask-conditioner-curl-care,manual_review
4506954b-128a-473c-866f-54a300ff23f4,Hair Biology Full & Shining Conditioner,Hair Biology,https://www.dm.de/p/d/1585350/hair-biology-conditioner-full-und-shining,4.99,2026-06-11T00:00:00+00:00,llm_reports_unavailable: 4.95 EUR @ https://www.dm.de/p/d/1585350/hair-biology-conditioner-full-und-shining — verify link status manually,"hair biology Conditioner Full & Shining, 160 ml",4.95,https://www.dm.de/p/d/1585350/hair-biology-conditioner-full-und-shining,manual_review
4988d0c9-fc92-4bf2-aa5c-bcc7cd8c7946,Syoss Intense Curls,Syoss,https://www.dm.de/syoss-shampoo-intense-curls-p4015100860504.html,4.99,2026-06-11T00:00:00+00:00,llm_reports_unavailable: 4.95 EUR @ https://www.dm.de/p/d/3047029/syoss-shampoo-intense-curls — verify link status manually,"syoss Shampoo Intense Curls, 440 ml",4.95,https://www.dm.de/p/d/3047029/syoss-shampoo-intense-curls,manual_review
4c3e1a63-4696-406a-be67-f2aacc678b0c,Garnier Hair Food Macadamia,Garnier,https://www.dm.de/garnier-fructis-haarkur-macadamia-hair-food-3in1-maske-p3600542511612.html,5.95,2026-06-11T00:00:00+00:00,llm_reports_unavailable: 5.95 EUR @ https://www.dm.de/p/d/1676326/garnier-fructis-haarkur-macadamia-hair-food-3in1-maske — verify link status manually,"GARNIER FRUCTIS Haarkur Macadamia Hair Food 3in1 Maske, 400 ml",5.95,https://www.dm.de/p/d/1676326/garnier-fructis-haarkur-macadamia-hair-food-3in1-maske,manual_review
4e9428b9-8cc9-4db2-89b1-cb272aa9a4d6,Herbal Essences Aloe Vera Conditioner,Herbal Essences,https://www.dm.de/p/d/1409620/herbal-essences-conditioner-feuchtigkeit-aloe-vera,3.95,2026-06-11T00:00:00+00:00,"not_found: beobachtet Herbal Essences Conditioner Feuchtigkeit Aloe Vera, 250 ml @ https://www.dm.de/p/d/1409620/herbal-essences-conditioner-feuchtigkeit-aloe-vera","Herbal Essences Conditioner Feuchtigkeit Aloe Vera, 250 ml",,https://www.dm.de/p/d/1409620/herbal-essences-conditioner-feuchtigkeit-aloe-vera,manual_review
678119a0-9070-4faf-b9ed-7c0ac008767e,Sante Sensitive Care,Sante,https://www.dm.de/sante-naturkosmetik-shampoo-sensitive-care-p4055297221467.html,4.99,2026-06-11T00:00:00+00:00,llm_reports_unavailable: 4.95 EUR @ https://www.dm.de/p/d/1335957/sante-naturally-shampoo-sensitive-care — verify link status manually,"Santé naturally. Shampoo Sensitive Care, 250 ml",4.95,https://www.dm.de/p/d/1335957/sante-naturally-shampoo-sensitive-care,manual_review
6fde3fe2-3850-4502-b9f2-ebb17eb13bad,Pantene Pro-V Volumen Pur,Pantene,https://www.dm.de/pantene-pro-v-shampoo-volumen-pur-p8700216885768.html,4.99,2026-06-11T00:00:00+00:00,llm_reports_unavailable: 2.75 EUR @ https://www.dm.de/p/d/3058599/pantene-pro-v-shampoo-volumen-pur — verify link status manually,"PANTENE PRO-V Shampoo Volumen Pur, 200 ml",2.75,https://www.dm.de/p/d/3058599/pantene-pro-v-shampoo-volumen-pur,manual_review
71d9bccb-74c7-499c-b5de-13ceef57ecde,Pantene Pro-V Miracles Bond Repair Conditioner,Pantene,https://www.dm.de/p/d/1336165/pantene-pro-v-conditioner-miracles-bond-repair,5.95,2026-06-11T00:00:00+00:00,llm_reports_unavailable: 5.95 EUR @ https://www.dm.de/p/d/1336165/pantene-pro-v-conditioner-miracles-bond-repair — verify link status manually,"PANTENE PRO-V Conditioner miracles Bond Repair, 160 ml",5.95,https://www.dm.de/p/d/1336165/pantene-pro-v-conditioner-miracles-bond-repair,manual_review
79ce764e-7acf-48ba-b0be-c6d977a81cd0,Alverde Conditioner Glanz,Alverde,https://www.dm.de/p/d/1714048/alverde-naturkosmetik-conditioner-glanz-rosenbluetenwasser-und-pflanzlichem-protein,1.35,2026-06-11T00:00:00+00:00,"not_found: beobachtet alverde NATURKOSMETIK Conditioner Glanz, 200 ml @ https://www.dm.de/p/d/1714048/alverde-naturkosmetik-conditioner-glanz","alverde NATURKOSMETIK Conditioner Glanz, 200 ml",,https://www.dm.de/p/d/1714048/alverde-naturkosmetik-conditioner-glanz,manual_review
a06cfc4d-c4f5-457e-a94e-26559f96f0e9,Hair Biology Revitalize & Soothe,Hair Biology,https://www.dm.de/p/d/1588828/hair-biology-shampoo-revitalize-und-soothe,4.99,2026-06-11T00:00:00+00:00,llm_reports_unavailable: 4.95 EUR @ https://www.dm.de/p/d/1588828/hair-biology-shampoo-revitalize-und-soothe — verify link status manually,"hair biology Shampoo Revitalize & Soothe, 250 ml",4.95,https://www.dm.de/p/d/1588828/hair-biology-shampoo-revitalize-und-soothe,manual_review
a1c3dc8d-2638-497f-8c7f-9b491c9003b0,Cantu Shampoo Locken Pflege,Cantu,https://www.dm.de/cantu-shampoo-locken-pflege-p810006943450.html,4.99,2026-06-11T00:00:00+00:00,price delta 39% (4.99 -> 6.95 EUR) exceeds 30%,"Cantu Shampoo Cream Cleanse, 400 ml",6.95,https://www.dm.de/p/d/1675020/cantu-shampoo-cream-cleanse,manual_review
a62ae91c-69c6-466e-827e-350f518d73b5,Syoss Intense Curls Conditioner,Syoss,https://www.dm.de/p/d/1666690/syoss-conditioner-intense-curls,3.99,2026-06-11T00:00:00+00:00,llm_reports_unavailable: 2.95 EUR @ https://www.dm.de/p/d/3047028/syoss-conditioner-intense-curls — verify link status manually,"syoss Conditioner Intense Curls, 250 ml",2.95,https://www.dm.de/p/d/3047028/syoss-conditioner-intense-curls,manual_review
b4bcb392-22a7-4642-bcdf-1949ca959f67,Hask Argan Oil Repairing Conditioner,Hask,https://www.dm.de/p/d/1475001/hask-conditioner-repairing-argan-oil,6.95,2026-06-11T00:00:00+00:00,llm_reports_unavailable: 6.95 EUR @ https://www.dm.de/p/d/1475001/hask-conditioner-repairing-argan-oil — verify link status manually,"HASK Conditioner Repairing Argan Oil, 355 ml",6.95,https://www.dm.de/p/d/1475001/hask-conditioner-repairing-argan-oil,manual_review
bef4f219-2c1f-4e02-8e3a-93056b95465a,Keratin Oil Shampoo,OGX,https://www.dm.de/ogx-shampoo-strenght-und-lenght-keratin-oil-p3574661798448.html,5.99,2026-06-11T00:00:00+00:00,llm_reports_unavailable: 6.95 EUR @ https://www.dm.de/p/d/1443762/ogx-shampoo-strenght-und-lenght-keratin-oil — verify link status manually,"OGX Shampoo strenght & lenght, Keratin Oil",6.95,https://www.dm.de/p/d/1443762/ogx-shampoo-strenght-und-lenght-keratin-oil,manual_review
c07a181b-3d55-4d47-ad68-9c1e324d4496,Hask Curl Care Shampoo,Hask,https://www.dm.de/hask-shampoo-curl-care-p71164304112.html,6.95,2026-06-11T00:00:00+00:00,llm_reports_unavailable: 6.95 EUR @ https://www.dm.de/p/d/1622384/hask-shampoo-curl-care — verify link status manually,"HASK Shampoo Curl Care, 355 ml",6.95,https://www.dm.de/p/d/1622384/hask-shampoo-curl-care,manual_review
d0180955-c3a0-4f53-8744-fbeb2c241688,Anti-Haarverlust Spülung,L'Oréal Paris,https://www.dm.de/p/d/2976313/l-oreal-paris-elvital-conditioner-fiber-booster-anti-haarverlust,6.95,2026-06-11T00:00:00+00:00,host_not_enabled,,,,manual_review
d01de47e-e360-4b31-9924-e3e5bc31ccdc,Balea Professional Ultimate Volume,Balea,https://www.dm.de/balea-professional-shampoo-ultimate-volume-p4067796075021.html,1.25,2026-06-11T00:00:00+00:00,host_not_enabled,,,,manual_review
d2bb79a8-add1-4b74-9d4f-c03449175147,Sante Intense Hydration Conditioner,Sante,https://www.dm.de/p/d/1334054/sante-naturally-conditioner-intense-hydration,3.95,2026-06-11T00:00:00+00:00,host_not_enabled,,,,manual_review
d8ac8909-91a1-46b3-9fa6-2ff66b78fb66,Cantu Conditioner Cream,Cantu,https://www.dm.de/p/d/1675021/cantu-conditioner-cream,6.95,2026-06-11T00:00:00+00:00,host_not_enabled,,,,manual_review
e1ad37be-9330-49b4-8add-872a30324122,Jean&Len Conditioner Keratin/Mandel,Jean&Len,https://www.dm.de/p/d/1551254/jean-und-len-conditioner-keratin-mandel,3.95,2026-06-11T00:00:00+00:00,host_not_enabled,,,,manual_review
e76e0ed4-bd20-40cd-84ae-e93030610d40,Langhaarmädchen Lovely Long,Langhaarmädchen,https://www.dm.de/langhaarmaedchen-shampoo-lovely-long-p4067796002621.html,4.95,2026-06-11T00:00:00+00:00,host_not_enabled,,,,manual_review
e7cde77e-e9d5-4976-a8ed-830c8a30c62a,Balea Professional Oil Repair Intensiv Spülung,Balea,https://www.dm.de/balea-professional-spuelung-oil-repair-intensiv-p4066447365443.html,1.25,2026-06-11T00:00:00+00:00,host_not_enabled,,,,manual_review
ead1333b-6839-464d-b272-673d39bb95a4,Balea Aqua Hyaluron,Balea,https://www.dm.de/p/d/1675524/balea-professional-shampoo-aqua-hyaluron,1.25,2026-06-11T00:00:00+00:00,host_not_enabled,,,,manual_review
eafe4cfa-f4a9-47b3-a36d-b689f1da5c7d,Balea Kopfhaut Sensitive Shampoo,Balea,https://www.dm.de/p/d/1701109/balea-professional-shampoo-kopfhaut-sensitive,1.25,2026-06-11T00:00:00+00:00,host_not_enabled,,,,manual_review
ed382d40-6166-4d39-be2d-eab5a24793a6,Syoss Intense Keratin Conditioner,Syoss,https://www.dm.de/p/d/1666649/syoss-conditioner-intense-keratin,3.99,2026-06-11T00:00:00+00:00,host_not_enabled,,,,manual_review
f033afbe-281a-419e-a245-3ad83d721bd0,Nivea Shampoo&Conditioner 2in1,Nivea,https://www.dm.de/nivea-shampoo-und-conditioner-express-2in1-p4006000193991.html,2.99,2026-06-11T00:00:00+00:00,host_not_enabled,,,,manual_review
f184aef4-d8f9-4956-bcd6-ba1bf1ebeace,Balea Med Anti Schuppen,Balea Med,https://www.dm.de/balea-med-shampoo-anti-schuppen-ultra-sensitive-p4066447785425.html,2.65,2026-06-11T00:00:00+00:00,host_not_enabled,,,,manual_review
fcbc469f-93c8-4be5-85db-e789b09189c7,Pantene Hydra Glow Shampoo,Pantene,https://www.dm.de/pantene-pro-v-shampoo-miracles-hydra-glow-p8700216170345.html,3.49,2026-06-11T00:00:00+00:00,host_not_enabled,,,,manual_review
ffd37427-0cb6-4d6a-8b83-ea904bf2b1d7,Monday Moisture Conditioner,Monday,https://www.dm.de/p/d/1893701/monday-conditioner-moisture-feuchtigkeit,5.95,2026-06-11T00:00:00+00:00,host_not_enabled,,,,manual_review
17c50884-3c17-479a-848a-10447464e086,Garnier Wahre Schätze Haarmaske Aktivkohle,Garnier Wahre Schätze,https://www.dm.de/p/d/1679241/wahre-schaetze-haarkur-1-minute-aktivkohle-fettige-kopfhaut,4.95,2026-06-27T14:38:36.157+00:00,host_not_enabled,,,,manual_review
05753f93-907f-427d-a4dc-0a690ff3a76d,Tiefenreinigungs-Shampoo,Gliss,https://www.dm.de/p/d/3119217/schwarzkopf-gliss-shampoo-scalp-balance-tiefenreinigung,5.95,2026-07-03T00:00:00+00:00,host_not_enabled,,,,manual_review
375ee7a0-3262-4b99-8e48-4f327c6e09aa,Shampoo Tiefenreinigung,Balea,https://www.dm.de/p/d/1536339/balea-professional-shampoo-tiefenreinigung,1.25,2026-07-03T00:00:00+00:00,host_not_enabled,,,,manual_review
898a5a1e-1cf1-4812-8f9e-f14563a740ca,Tiefenreinigung Shampoo,Swiss-O-Par,https://www.dm.de/p/d/2555198/swiss-o-par-shampoo-tiefenreinigung,2.45,2026-07-03T00:00:00+00:00,host_not_enabled,,,,manual_review
35d2cc66-6d5a-49c1-9a9f-c03bf6942ab0,Kopfhautpflege Serum Sensitive,Balea,https://www.dm.de/p/d/1459196/balea-professional-kopfhautpflege-serum-sensitive,2.95,2026-08-09T09:19:32+00:00,host_not_enabled,,,,manual_review
3f3542c0-e82b-4306-a9e0-85df313a78cf,Anti-Haarverlust Serum,L'Oréal Paris,https://www.dm.de/p/d/2976343/l-oreal-paris-elvital-haarserum-fiber-booster-anti-haarverlust,13.95,2026-08-09T09:19:32+00:00,host_not_enabled,,,,manual_review
945ecca3-c4f0-4426-9af5-a5a8482b3b27,Klärendes Serum,Gliss,https://www.dm.de/p/d/3119228/schwarzkopf-gliss-haarserum-scalp-balance-klaerend,8.95,2026-08-09T09:19:32+00:00,host_not_enabled,,,,manual_review
c9b231ee-77b5-45b7-8127-7a85d3ae7dd0,Kopfhaut-Feuchtigkeitspflege Leave-In Serum,Head & Shoulders,https://www.dm.de/p/d/2482723/head-und-shoulders-leave-in-serum-derma-x-pro-kopfhaut-feuchtigkeitspflege,5.95,2026-08-09T09:19:32+00:00,host_not_enabled,,,,manual_review
cd76afea-d332-4b1d-b44b-7de5bef9034f,Kopfhautberuhigendes Intensiv-Tonikum,Eucerin,https://www.dm.de/p/d/3086968/eucerin-eucerin-dermo-capillaire-5-prozent-urea-kopfhautberuhigendes-intensiv-tonikum,16.95,2026-08-09T09:19:32+00:00,host_not_enabled,,,,manual_review
e51cfce0-fd76-4873-a868-cc3ca0301cbc,Kopfhautpflege Peeling Tiefenreinigung,Balea,https://www.dm.de/p/d/1700670/balea-professional-kopfhautpflege-peeling-tiefenreinigung,2.95,2026-08-09T09:19:32+00:00,host_not_enabled,,,,manual_review
71302fae-decd-4b10-80ea-148d5998e2fa,Defeat the Heat Hitzeschutzspray,L'Oréal Paris,https://www.dm.de/p/d/1571140/l-oreal-paris-elvital-hitzeschutzspray-dream-length-langes-und-glattes-haar,4.95,2026-08-09T09:23:08+00:00,host_not_enabled,,,,manual_review
efaff579-e411-41eb-972a-2734a8517356,Hitzeschutzspray Schutzengel,got2b,https://www.dm.de/p/d/1267310/got2b-hitzeschutzspray-schutzengel,4.95,2026-08-09T09:23:08+00:00,host_not_enabled,,,,manual_review
f66f2f93-a1f2-43fb-8647-48d49cdae7d3,Hitzeschutzspray Ultralight,Balea,https://www.dm.de/p/d/3101587/balea-hitzeschutzspray-ultralight,2.95,2026-08-09T09:23:08+00:00,host_not_enabled,,,,manual_review
f8c47bf8-a075-4568-a9ab-aa336b7ae50a,Hitzeschutzspray,Schwarzkopf taft,https://www.dm.de/p/d/1681631/schwarzkopf-taft-hitzeschutzspray-taft-x-gliss-lovely-long,3.95,2026-08-09T09:23:08+00:00,host_not_enabled,,,,manual_review
077a94ae-fede-4773-9435-17022c2b89c0,PANTENE PRO-V Haarmaske Keratin Repair & Care,Pantene,https://www.dm.de/p/d/1523350/pantene-pro-v-haarmaske-keratin-repair-und-care,4.45,2026-08-11T13:06:14.055193+00:00,host_not_enabled,,,,manual_review
29fc985e-3b7e-4567-b7bc-b416583139fe,Balea Haarkur reparierend,Balea,https://www.dm.de/p/d/1674120/balea-haarkur-reparierend,2.45,2026-08-11T13:06:14.055193+00:00,host_not_enabled,,,,manual_review
b2e7e679-a6ba-4ba3-93d7-1fd35f6e6c75,Wahre Schätze Haarkur 1-Minute Avocado-Öl & Sheabutter,Wahre Schätze,https://www.dm.de/p/d/1679236/wahre-schaetze-haarkur-1-minute-avocado-oel-und-sheabutter,4.95,2026-08-11T13:06:14.055193+00:00,host_not_enabled,,,,manual_review
0307c903-84f9-46b4-8f1f-a51c2b1f38ff,Garnier Hair Food Aloe Vera,Garnier,https://www.dm.de/garnier-fructis-haarmaske-aloe-vera-hair-food-3in1-trockenes-haar-p3600542511049.html,5.95,2026-09-30T17:23:25.471+00:00,host_not_enabled,,,,manual_review
1a6d62c7-c5e5-45aa-a45f-2cfba4aeccb5,Pantene Pro-V Coconut Oil,Pantene,https://www.dm.de/p/d/1612745/pantene-pro-v-haaroel-coconut-infused-oil,4.95,2026-09-30T17:23:55.519+00:00,host_not_enabled,,,,manual_review
1c43bc07-e3c6-4b8a-9b62-943147052e07,Haaröl Oil Repair Intensiv,Balea,https://www.dm.de/p/d/1700841/balea-professional-haaroel-oil-repair-intensiv,2.75,2026-09-30T17:24:06.872+00:00,host_not_enabled,,,,manual_review
1ed63e8e-4840-49ec-a49e-2b9f19f8bfbf,OGX Haaröl Moroccan Argan Penetrating Oil,OGX,https://www.dm.de/ogx-haaroel-moroccan-argan-penetrating-oil-p3574661563312.html,7.95,2026-09-30T17:24:18.882+00:00,host_not_enabled,,,,manual_review
21a94166-3813-4c0f-8912-508fb8f704f1,L’Oréal Öl Magique Midnight Serum,L’Oréal,https://www.dm.de/l-oreal-paris-elvital-haarserum-oel-magique-midnight-serum-p3600524135805.html,7.95,2026-09-30T17:24:59.114+00:00,host_not_enabled,,,,manual_review
27a2dd61-6e54-4746-8e24-a698dbafbf91,Neqi Opulent Oil,Neqi,https://www.dm.de/neqi-haarserum-opulent-oil-p4063528078520.html,7.95,2026-09-30T17:25:22.532+00:00,host_not_enabled,,,,manual_review
2858a8b6-018b-4949-ae58-eedc348d20b4,OGX Miracle Coconut Oil,OGX,https://www.dm.de/ogx-haaroel-coconut-miracle-oil-p3574661563398.html,7.95,2026-09-30T17:25:47.935+00:00,host_not_enabled,,,,manual_review
35a372b6-c7ef-45cb-be0b-99cef476f247,Pantene Bonding Leave-In,Pantene,https://www.dm.de/pantene-pro-v-miracles-molecular-bond-repair-wunder-haarcreme-leave-in-p8700216637374.html,9.95,2026-09-30T17:26:20.317+00:00,host_not_enabled,,,,manual_review
3eb198a5-9aab-4f28-9df1-c4869c6a12db,KoRo MCT Öl,KoRo,https://www.dm.de/koro-mct-oel-p4260718296232.html,16.95,2026-09-30T17:26:43.938+00:00,host_not_enabled,,,,manual_review
4a95e1de-54e9-4fcd-b227-72a5824d13c1,Dr. Scheller Jojobaöl,Dr. Scheller,https://www.dm.de/p/d/1675203/dr-scheller-koerperoel-jojoba,8.45,2026-09-30T17:27:06.006+00:00,host_not_enabled,,,,manual_review
52264c47-f339-49db-9fb2-207d1ad3b470,Fructis Hair Food Aloe Vera,Fructis,https://www.dm.de/garnier-fructis-haarmaske-aloe-vera-hair-food-3in1-trockenes-haar-p3600542511049.html,5.95,2026-09-30T17:27:21.339+00:00,host_not_enabled,,,,manual_review
57ec7a8e-aa1b-4260-81d6-7ec3dbc899b8,Trockenshampoo Sensible Kopfhaut,Batiste,https://www.dm.de/batiste-trockenshampoo-sensible-kopfhaut-leichter-duft-p5010724004777.html,3.95,2026-09-30T17:27:47.664+00:00,host_not_enabled,,,,manual_review
6a1116a0-731f-46bb-9dd6-a0db89de5a13,Trockenshampoo dunkel,Batiste,https://www.dm.de/batiste-trockenshampoo-dunkel-p5010724527443.html,3.95,2026-09-30T17:28:02.497+00:00,host_not_enabled,,,,manual_review
6b01025d-9e72-4514-b42e-bbb6065fbe1c,Midnight Serum,L'Oréal Paris,https://www.dm.de/l-oreal-paris-elvital-haarserum-oel-magique-midnight-serum-p3600524135805.html,7.95,2026-09-30T17:28:14.845+00:00,host_not_enabled,,,,manual_review
7c1f2f42-3729-49fe-9f0d-e007b93a05c8,Pantene Bond Repair,Pantene,https://www.dm.de/pantene-pro-v-haarkur-miracles-bond-repair-intensive-haarmaske-p8700216173476.html,7.95,2026-09-30T17:28:39.455+00:00,host_not_enabled,,,,manual_review
8df49303-e1c9-4519-9a5f-4f9bc276ab5a,Pomélo+Co Shine Therapy,Pomélo+Co,https://www.dm.de/p/d/3110549/pomelo-co-haarmaske-shine-therapy,9.95,2026-09-30T17:28:51.156+00:00,host_not_enabled,,,,manual_review
961e3935-f823-44e7-8601-900c62855d3d,Syoss Intense Keratin,Syoss,https://www.dm.de/syoss-haarmaske-intense-keratin-p4015100860863.html,4.95,2026-09-30T17:29:03.564+00:00,host_not_enabled,,,,manual_review
9d7141bf-bb7e-41e8-a206-38ee5c42fdc6,Balea Professional Plex Care 2in1,Balea,https://www.dm.de/p/d/1690411/balea-professional-haarmaske-plex-care-2in1,2.75,2026-09-30T17:29:28.91+00:00,host_not_enabled,,,,manual_review
9e1442c9-4ab8-4819-a851-66859a98ed80,Fructis Hair Food Papaya,Fructis,https://www.dm.de/garnier-fructis-haarkur-papaya-hair-food-3in1-maske-p3600542511100.html,5.95,2026-09-30T17:29:41.812+00:00,host_not_enabled,,,,manual_review
acf9d5cd-76e4-49c7-9c04-0af1f20506ad,dmBio Kokosöl nativ,dmBio,https://www.dm.de/p/d/1544928/dmbio-kokosoel-nativ,2.85,2026-09-30T17:30:49.206+00:00,host_not_enabled,,,,manual_review
b281d528-b312-4e44-98be-3e01f7e56644,Neqi Gloss Glaze,Neqi,https://www.dm.de/neqi-haarkur-treatment-treasures-gloss-glaze-p4063528086327.html,9.95,2026-09-30T17:31:03.877+00:00,host_not_enabled,,,,manual_review
c7326c6b-6175-4ec2-865f-68baf476c986,Guhl 30 sec. Feuchtigkeit,Guhl,https://www.dm.de/guhl-haarkur-30-sek-feuchtigkeit-p4072600720097.html,3.45,2026-09-30T17:31:37.358+00:00,host_not_enabled,,,,manual_review
d0e4bc78-2aeb-4e88-8abf-08aa28fbfba4,Bali Curls Deep Repair Mask,Bali Curls,https://www.dm.de/p/d/3106327/bali-curls-haarmaske-deep-repair,8.95,2026-09-30T17:31:59.602+00:00,host_not_enabled,,,,manual_review
d28643c8-c340-4514-826a-6c1ac8419fe9,Trockenshampoo Bruenett,Batiste,https://www.dm.de/batiste-trockenshampoo-bruenett-p5010724527474.html,3.95,2026-09-30T17:32:09.9+00:00,host_not_enabled,,,,manual_review
d33543b0-6011-45f1-9bb2-125289ac849a,Neqi Repair Reveal,Neqi,https://www.dm.de/neqi-haarkur-repair-reveal-p4063528078254.html,9.95,2026-09-30T17:32:21.519+00:00,host_not_enabled,,,,manual_review
d5d67009-7aac-4299-938b-7218b8635a0c,Balea 3 in 1 Intensivmaske,Balea,https://www.dm.de/balea-haarmaske-3in1-intensivpflege-p4066447237443.html,1.95,2026-09-30T17:32:32.08+00:00,host_not_enabled,,,,manual_review
d9825ad6-f549-4b02-a62a-eaa3bf917936,Gliss Liquid Silk Glanz 4-in-1 Bonding Haarmaske,Gliss,https://www.dm.de/p/d/1431893/schwarzkopf-gliss-haarmaske-4in1-liquid-silk,5.75,2026-09-30T17:32:42.413+00:00,host_not_enabled,,,,manual_review
dc8b8d4a-8ca9-452c-8d04-03b785b63275,Trockenshampoo Liquid to Dry,got2b,https://www.dm.de/p/d/2476987/got2b-trockenshampoo-liquid-to-dry,3.95,2026-09-30T17:32:56.941+00:00,host_not_enabled,,,,manual_review
e3c4b607-8f81-462c-8a2b-e45c8b3a2976,Cantu Leave-In Repair Cream,Cantu,https://www.dm.de/p/d/1685686/cantu-leave-in-haarkur-repair-creme,6.95,2026-09-30T17:33:15.592+00:00,host_not_enabled,,,,manual_review
e6896862-523b-42b3-967d-41cbd16acf64,Neqi Moisture Mystery,Neqi,https://www.dm.de/neqi-leave-in-creme-moisture-mystery-p4063528078346.html,9.95,2026-09-30T17:33:26.598+00:00,host_not_enabled,,,,manual_review
e6b87909-6104-4a9a-a3ef-e1c64a1b15b1,Garnier Fructis Wunderöl,Garnier,https://www.dm.de/p/d/1499815/garnier-fructis-haaroel-oil-repair-wunder-oel,5.95,2026-09-30T17:33:42.438+00:00,host_not_enabled,,,,manual_review
e781ca9e-886d-40a1-bfe1-48177cfbf381,Pantene Pro-V Leave-In Moisture Boost HEAT&GLOW,Pantene,https://www.dm.de/p/d/3088304/pantene-pro-v-leave-in-moisture-boost-heat-und-glow,8.95,2026-09-30T17:33:54.416+00:00,host_not_enabled,,,,manual_review
ea353b65-544d-48a8-a057-c3e733b66326,Wahre Schätze 1-Minute Haarkur Argan & Camelia Öl,Wahre Schätze,https://www.dm.de/wahre-schaetze-haarkur-1-minute-argan-und-camelia-oel-p3600542509572.html,4.95,2026-09-30T17:35:07.228+00:00,host_not_enabled,,,,manual_review
f9595d2c-d86d-4bdb-9758-c98d1e213f3c,alverde Leave-In Sprühkur Express 7in1,alverde,https://www.dm.de/alverde-naturkosmetik-leave-in-spruehkur-express-7in1-p4067796199635.html,2.75,2026-09-30T17:35:42.259+00:00,host_not_enabled,,,,manual_review
fd83b493-f7be-4071-9642-3d5b92e30dc2,Balea Traumlocken Öl,Balea,https://www.dm.de/p/d/1635760/balea-professional-haaroel-traumlocken,2.75,2026-09-30T17:35:53.578+00:00,host_not_enabled,,,,manual_review
ff309c8a-ecd5-415c-9016-1b726c9fb3a4,Trockenshampoo Blond,Batiste,https://www.dm.de/p/d/1435894/batiste-trockenshampoo-blond,3.95,2026-09-30T17:36:05.343+00:00,host_not_enabled,,,,manual_review
f8a8fd56-aeb0-4096-8d9d-5af484e3889f,Syoss Intense Volume Shampoo,Syoss,https://www.dm.de/p/d/3047032/syoss-shampoo-intense-volume,3.95,2026-06-27T00:00:00+00:00,host_not_enabled,,,,manual_review
ba326dab-99d8-4b82-a1c5-de9aee2578a4,"AUSSIE SOS Leave-In Haarserum 100 Hours Hydration, 160 ml",AUSSIE,https://www.dm.de/p/d/3135991/aussie-leave-in-haarserum-100-hours-hydration,8.95,2026-07-03T10:19:49+00:00,host_not_enabled,,,,manual_review
5f4f1300-bc15-4ce0-9ed8-035feb606bde,Neqi Diamond Glass Conditioner,Neqi,https://www.dm.de/p/d/3101240/neqi-conditioner-diamond-glass,12.95,2026-07-05T19:49:00+00:00,host_not_enabled,,,,manual_review
42a2fe20-bd7e-49a3-a880-8ae89015a5c9,Neqi Diamond Glass Ultimate Styling Spray,Neqi,https://www.dm.de/p/d/3080142/neqi-leave-in-spray-diamond-glass-ultimate,12.95,2026-07-05T22:20:54+00:00,host_not_enabled,,,,manual_review
a0cc0c36-b5ce-4a38-b224-64c666a83809,Hitzeschutzspray 2-Phasen,Balea,https://www.dm.de/p/d/1460813/balea-hitzeschutzspray,1.95,2026-08-09T09:23:08+00:00,host_not_enabled,,,,manual_review
cb228f9d-4e46-4302-9a6f-92c393eda1bd,Hydra Protect Hitzeschutzspray,Schwarzkopf taft,https://www.dm.de/p/d/3121122/schwarzkopf-taft-hitzeschutzspray-aloe-boost,3.95,2026-08-09T09:23:08+00:00,host_not_enabled,,,,manual_review
0d341836-96b3-4364-9319-a7f0884b3da9,"Plantur Plantur 39 Phyto-Coffein-Shampoo für feines, brüchiges Haar",Plantur,https://www.dm.de/p/d/1158986/plantur-39-shampoo-phyto-coffein-feines-haar,9.95,2026-08-21T10:44:10+00:00,host_not_enabled,,,,manual_review
8182ee3f-cfe9-4a31-8b2f-a6a52c7e7abe,Bali Curls Moisturising Conditioner 75 ml,Bali Curls,https://www.dm.de/p/d/3123188/bali-curls-conditioner-moisturing-reisegroesse,3.75,2026-08-21T11:27:05.574+00:00,host_not_enabled,,,,manual_review
e482e42a-bdac-4f5e-bd3b-489e702c0c4b,L'Oréal Paris Elvital Haarmaske Hydra Hyaluronic,L'Oréal Paris,https://www.dm.de/p/d/3122676/l-oreal-paris-elvital-haarmaske-hydra-hyaluronic,4.95,2026-08-21T11:32:22+00:00,host_not_enabled,,,,manual_review
41b99629-5a1c-402f-a486-d41780e89e66,Herbal Essences Tiefenreinigung & Glanz Shampoo Limettenduft,Herbal Essences,https://www.dm.de/p/d/3115708/herbal-essences-shampoo-limettenduft-tiefenreinigung-und-glanz,3.95,2026-08-21T11:34:24+00:00,host_not_enabled,,,,manual_review
0ba22032-a5b1-4a0a-a8a2-b49861d00fb8,L'Oréal Paris Elvital Leave-In Serum Glycolic Gloss,L'Oréal Paris Elvital,https://www.dm.de/p/d/1343857/l-oreal-paris-elvital-leave-in-serum-glycolic-gloss,9.95,2026-09-02T00:00:00+00:00,host_not_enabled,,,,manual_review
0c80efd5-0462-46fa-ad15-2c736f5ef269,"L'Oréal Paris Elvital Leave-In Haarserum Bond Repair, Anti-Haarschäden",L'Oréal Paris Elvital,https://www.dm.de/p/d/1679221/l-oreal-paris-elvital-leave-in-haarserum-bond-repair-anti-haarschaeden,9.95,2026-09-02T00:00:00+00:00,host_not_enabled,,,,manual_review
13a1acb9-c824-4410-b4b6-ed358be30c37,"L'Oréal Paris Elvital Haarkur Glycolic Gloss, 5 Minuten Haar-Laminierung",L'Oréal Paris Elvital,https://www.dm.de/p/d/1343854/l-oreal-paris-elvital-haarkur-glycolic-gloss-5-minuten-haar-laminierung,8.95,2026-09-02T00:00:00+00:00,host_not_enabled,,,,manual_review
4a7b5b38-ff8b-4e0a-aaa2-4f5031797ee3,Garnier Fructis Haarkur Banana Hair Food 3in1 Maske,Garnier Fructis,https://www.dm.de/p/d/1676324/garnier-fructis-haarkur-banana-hair-food-3in1-maske,5.95,2026-09-02T00:00:00+00:00,host_not_enabled,,,,manual_review
75a3dc03-a2d1-4a5a-aa66-50edff642c41,"Schwarzkopf Gliss Haarkur 7sec Express-Repair, Ultimate Repair",Schwarzkopf Gliss,https://www.dm.de/p/d/1581143/schwarzkopf-gliss-haarkur-7sec-express-repair-ultimate-repair,6.95,2026-09-02T00:00:00+00:00,host_not_enabled,,,,manual_review
a9fc4fb5-0152-40dd-9a01-6ecf0155709f,Garnier Fructis Leave-In Creme Aloe Air Dry,Garnier Fructis,https://www.dm.de/p/d/1538389/garnier-fructis-leave-in-creme-aloe-air-dry,5.95,2026-09-02T00:00:00+00:00,host_not_enabled,,,,manual_review
d2936db6-6865-4375-8060-95995b96b804,Wahre Schätze Haarserum Honig reparierend,Wahre Schätze,https://www.dm.de/p/d/1324799/wahre-schaetze-haarserum-honig-reparierend,6.95,2026-09-02T00:00:00+00:00,host_not_enabled,,,,manual_review
d840b368-3416-4104-9ccb-0e5a656a4929,Schwarzkopf Gliss Haarkur Night Elixier Ultimate Repair,Schwarzkopf Gliss,https://www.dm.de/p/d/1681632/schwarzkopf-gliss-haarkur-night-elixier-ultimate-repair,7.45,2026-09-02T00:00:00+00:00,host_not_enabled,,,,manual_review
e93d522b-6a07-42c8-8858-75a830d809b9,Schwarzkopf Gliss Haaröl Tägliches Öl Elixier,Schwarzkopf Gliss,https://www.dm.de/p/d/1534910/schwarzkopf-gliss-haaroel-taegliches-oel-elixier,5.95,2026-09-02T00:00:00+00:00,host_not_enabled,,,,manual_review
f7f28e1c-e177-4505-906d-c59f4291ba6b,"L'Oréal Paris Elvital Haaröl Öl Magique, für alle Haartypen",L'Oréal Paris Elvital,https://www.dm.de/p/d/1621820/l-oreal-paris-elvital-haaroel-oel-magique-fuer-alle-haartypen,6.95,2026-09-02T00:00:00+00:00,host_not_enabled,,,,manual_review
1adb5c17-fca0-4967-a199-756d500b0104,Schwarzkopf Gliss Conditioner Total Repair,Schwarzkopf Gliss,https://www.dm.de/p/d/1430910/schwarzkopf-gliss-conditioner-total-repair,2.95,2026-09-03T00:00:00+00:00,host_not_enabled,,,,manual_review
240c4e9d-d417-42ce-b8b6-d1cc005eed26,"Herbal Essences Conditioner Limettenduft, Tiefenreinigung & Glanz",Herbal Essences,https://www.dm.de/p/d/3115709/herbal-essences-conditioner-limettenduft-tiefenreinigung-und-glanz,3.95,2026-09-03T00:00:00+00:00,host_not_enabled,,,,manual_review
25a545c5-91c3-4338-baf9-63b3d5c155e3,Wahre Schätze Haarkur 1-Minute Traube,Wahre Schätze,https://www.dm.de/p/d/3115711/wahre-schaetze-haarkur-1-minute-traube,4.95,2026-09-03T00:00:00+00:00,host_not_enabled,,,,manual_review
262de7f7-71d1-4a60-a5f4-1a91debdbf12,Garnier Fructis Conditioner Locken Methode Feuchtigkeit,Garnier Fructis,https://www.dm.de/p/d/3115735/garnier-fructis-conditioner-locken-methode-feuchtigkeit,3.95,2026-09-03T00:00:00+00:00,host_not_enabled,,,,manual_review
2781bccb-4a3f-4ffe-aa2f-f32f7b820c03,Pantene Pro-V Conditioner Repair & Care,Pantene Pro-V,https://www.dm.de/p/d/1554190/pantene-pro-v-conditioner-repair-und-care,3.95,2026-09-03T00:00:00+00:00,host_not_enabled,,,,manual_review
2a8ae385-17c9-440b-ab89-87fe1e6350a4,Balea Professional Leave-In Serum Plex Care,Balea Professional,https://www.dm.de/p/d/1674699/balea-professional-leave-in-serum-plex-care,2.75,2026-09-03T00:00:00+00:00,host_not_enabled,,,,manual_review
3f75e6f8-7659-42ce-bcd9-3c21af5d2de4,Pantene Pro-V Moisture BOOST Keratin Protect Haarmaske,Pantene Pro-V,https://www.dm.de/p/d/3088184/pantene-pro-v-haarmaske-moisture-boost-keratin-protect,3.99,2026-09-03T00:00:00+00:00,host_not_enabled,,,,manual_review
488685e8-4718-4cb5-a826-9bcb75014b34,"Garnier Fructis Haarmaske Keratin Sleek, Anti-Frizz Kur",Garnier Fructis,https://www.dm.de/p/d/3042310/garnier-fructis-haarmaske-keratin-sleek-anti-frizz-kur,5.95,2026-09-03T00:00:00+00:00,host_not_enabled,,,,manual_review
4eddfc54-3704-4a3e-a9b7-0cff91538863,"Garnier Fructis Hitzeschutzspray Wunderöl, stark geschädigtes Haar",Garnier Fructis,https://www.dm.de/p/d/1499834/garnier-fructis-hitzeschutzspray-wunderoel-stark-geschaedigtes-haar,5.95,2026-09-03T00:00:00+00:00,host_not_enabled,,,,manual_review
55c39339-bac0-4899-9499-ee96fa0bdad8,Balea Professional Haaröl Plex Care,Balea Professional,https://www.dm.de/p/d/1343983/balea-professional-haaroel-plex-care,2.75,2026-09-03T00:00:00+00:00,host_not_enabled,,,,manual_review
57848cf2-6113-4aa4-af9f-2f980ccc5850,Herbal Essences Conditioner Fiji mit Kokosnussextrakt,Herbal Essences,https://www.dm.de/p/d/3131494/herbal-essences-conditioner-fiji-mit-kokosnussextrakt,3.95,2026-09-03T00:00:00+00:00,host_not_enabled,,,,manual_review
5a0b573e-bd4a-40a6-a328-9ceb8024109b,Wahre Schätze Haarkur 1-Minute Honig Schätze,Wahre Schätze,https://www.dm.de/p/d/1679237/wahre-schaetze-haarkur-1-minute-honig-schaetze,4.95,2026-09-03T00:00:00+00:00,host_not_enabled,,,,manual_review
67d95443-490d-47fb-876e-8d9eecf015ae,Jean&Len Leave-In Haarmaske Peptide Intense Repair,Jean&Len,https://www.dm.de/p/d/3086348/jean-und-len-leave-in-haarmaske-peptide-intense-repair,5.25,2026-09-03T00:00:00+00:00,host_not_enabled,,,,manual_review
6c51a883-85ae-4778-bb17-2f1318e3c969,Weleda Haaröl Rosmarin,Weleda,https://www.dm.de/p/d/1342502/weleda-haaroel-rosmarin,11.95,2026-09-03T00:00:00+00:00,host_not_enabled,,,,manual_review
76f3611b-2dda-4a90-bd3c-c9b1577ec5aa,Balea Professional Leave-In Haarmaske Molecular Care,Balea Professional,https://www.dm.de/p/d/3106685/balea-professional-leave-in-haarmaske-molecular-care,2.95,2026-09-03T00:00:00+00:00,host_not_enabled,,,,manual_review
770ee16b-154e-4c60-adf8-e9831718f6da,"Herbal Essences Haaröl Arganöl Elixir, Tiefenreparatur",Herbal Essences,https://www.dm.de/p/d/3115710/herbal-essences-haaroel-arganoel-elixir-tiefenreparatur,5.95,2026-09-03T00:00:00+00:00,host_not_enabled,,,,manual_review
7dcde56c-40e7-4e84-86b7-f6ac3d407a9d,Dejan Garz Haaröl Violet Hair Oil The Britney,Dejan Garz,https://www.dm.de/p/d/3110122/dejan-garz-haaroel-violet-hair-oil-the-britney,8.95,2026-09-03T00:00:00+00:00,host_not_enabled,,,,manual_review
82a0d0bd-784f-4be0-aa6e-2d929b088912,Guhl Haarkur 30_sek Reparatur,Guhl,https://www.dm.de/p/d/1649553/guhl-haarkur-30-sek-reparatur,3.45,2026-09-03T00:00:00+00:00,host_not_enabled,,,,manual_review
8a1f6818-84c7-4ed8-929a-221f0352b971,Bali Curls Haaröl Bonding Oil,Bali Curls,https://www.dm.de/p/d/3093558/bali-curls-haaroel-bonding-oil,9.95,2026-09-03T00:00:00+00:00,host_not_enabled,,,,manual_review
958c37a5-7581-4b3a-9fcb-9d086238316e,Herbal Essences Leave-In Spray Kamille,Herbal Essences,https://www.dm.de/p/d/3045337/herbal-essences-leave-in-spray-kamille,5.95,2026-09-03T00:00:00+00:00,host_not_enabled,,,,manual_review
a67c4125-2195-4cb6-a6d0-8bcd495a74d4,Schwarzkopf Gliss Sprüh-Conditioner Express-Repair Total Repair,Schwarzkopf Gliss,https://www.dm.de/p/d/1430766/schwarzkopf-gliss-sprueh-conditioner-express-repair-total-repair,4.95,2026-09-03T00:00:00+00:00,host_not_enabled,,,,manual_review
a8abcd37-f0cc-4b31-91d9-7ec786a6abde,Herbal Essences Leave-In Spray Blütensanft Rosenduft,Herbal Essences,https://www.dm.de/p/d/3045328/herbal-essences-leave-in-spray-bluetensanft-rosenduft,5.95,2026-09-03T00:00:00+00:00,host_not_enabled,,,,manual_review
b1712c80-75a9-4d85-89c3-e12421f208e8,John Frieda Frizz Ease Wunder-Reparatur Tiefenwirksame Wunder-Kur,John Frieda,https://www.dm.de/p/d/3123414/john-frieda-haarkur-frizz-ease-wunder-reparatur,9.99,2026-09-03T00:00:00+00:00,host_not_enabled,,,,manual_review
b3ddfac2-ae06-42dd-9caf-822a2941c6f2,Garnier Fructis Leave-In Creme Locken Methode Air Dry,Garnier Fructis,https://www.dm.de/p/d/3115736/garnier-fructis-leave-in-creme-locken-methode-air-dry,5.95,2026-09-03T00:00:00+00:00,host_not_enabled,,,,manual_review
b89a5ced-700a-4cdb-be89-c85c212e4eca,Dejan Garz Leave-In Cream The Foundation,Dejan Garz,https://www.dm.de/p/d/3063678/dejan-garz-leave-in-cream-the-foundation,9.95,2026-09-03T00:00:00+00:00,host_not_enabled,,,,manual_review
bf3c797d-680f-44b4-8826-b5c45cf045ae,Dejan Garz Leave-In Serum The Foundation,Dejan Garz,https://www.dm.de/p/d/3062977/dejan-garz-leave-in-serum-the-foundation,9.95,2026-09-03T00:00:00+00:00,host_not_enabled,,,,manual_review
cd00a357-413f-41f4-aa68-2e451661f1dd,Langhaarmädchen Conditioner Intense Repair,Langhaarmädchen,https://www.dm.de/p/d/1539684/langhaarmaedchen-conditioner-intense-repair,4.95,2026-09-03T00:00:00+00:00,host_not_enabled,,,,manual_review
d46c16fa-1ca6-45dd-bab4-af96217c5480,Pantene Pro-V Pantene Pro-V Serum Shot mit Collagen Peptiden,Pantene Pro-V,https://www.dm.de/p/d/1383345/pantene-pro-v-haarkur-1-minute-wunder-ampulle-rescue-shots-repair-und-care,1.95,2026-09-03T00:00:00+00:00,host_not_enabled,,,,manual_review
dc9f6662-b51b-4011-91ae-494c2d254f11,Wahre Schätze Leave-In Haarkur Avocado,Wahre Schätze,https://www.dm.de/p/d/2976366/wahre-schaetze-leave-in-haarkur-avocado,2.95,2026-09-03T00:00:00+00:00,host_not_enabled,,,,manual_review
ee4aab21-5696-4286-aad1-7811b997dd30,Aussie Conditioner Bouncy Curls,Aussie,https://www.dm.de/p/d/3135994/aussie-conditioner-bouncy-curls,4.95,2026-09-03T00:00:00+00:00,host_not_enabled,,,,manual_review
f0168972-dcd4-4593-aeb5-38d12343468a,Pantene Pro-V Haarkur Glatt & Seidig Arganöl Argan Infused Oil,Pantene Pro-V,https://www.dm.de/p/d/1523357/pantene-pro-v-haarkur-glatt-und-seidig-arganoel-argan-infused-oil,4.95,2026-09-03T00:00:00+00:00,host_not_enabled,,,,manual_review
f069970e-12fb-48c6-ac8e-51f50dc46c31,"L'Oréal Paris Elvital Conditioner Hydra Hyaluronic, feuchtigkeitsversiegelnd",L'Oréal Paris Elvital,https://www.dm.de/p/d/3044952/l-oreal-paris-elvital-conditioner-hydra-hyaluronic-feuchtigkeitsversiegelnd,3.45,2026-09-03T00:00:00+00:00,host_not_enabled,,,,manual_review
f7144789-8302-42b1-a5b1-e761402c1b7c,Pantene Pro-V Conditioner Grow Abundant,Pantene Pro-V,https://www.dm.de/p/d/3115707/pantene-pro-v-conditioner-grow-abundant-anti-haarverlust,7.95,2026-09-03T00:00:00+00:00,host_not_enabled,,,,manual_review
f89c1edc-cb71-4ec6-ac86-dc27c515568e,Langhaarmädchen Haaröl Intense Repair,Langhaarmädchen,https://www.dm.de/p/d/1539520/langhaarmaedchen-haaroel-intense-repair,4.95,2026-09-03T00:00:00+00:00,host_not_enabled,,,,manual_review
fd1792c0-8f8c-40b0-960d-27ac21470bb8,Jean&Len Conditioner Hydration Pfirsich Chia,Jean&Len,https://www.dm.de/p/d/3100946/jean-und-len-conditioner-hydration-pfirsich-chia,3.95,2026-09-03T00:00:00+00:00,host_not_enabled,,,,manual_review
07058418-0a6a-4fda-89a2-4c263f09c5c9,alverde NATURKOSMETIK Conditioner Feuchtigkeit,alverde NATURKOSMETIK,https://www.dm.de/p/d/1704296/alverde-naturkosmetik-conditioner-feuchtigkeit,1.25,2026-09-04T00:00:00+00:00,host_not_enabled,,,,manual_review
314d9881-4fcc-47b5-81e1-58e41779081e,Garnier Wahre Schätze Conditioner Traube Hydraboost,Garnier Wahre Schätze,https://www.dm.de/wahre-schaetze-conditioner-traube-hydraboost-p3600542656320.html,2.75,2026-09-04T00:00:00+00:00,host_not_enabled,,,,manual_review
380fec2b-6ecd-499d-987e-d273ad3085b1,"Afrolocke Leave-In Haarkur, für lockiges Haar",Afrolocke,https://www.dm.de/afrolocke-leave-in-haarkur-fuer-lockiges-haar-p4270000814433.html,16.95,2026-09-04T00:00:00+00:00,host_not_enabled,,,,manual_review
404fb3e4-04c4-4089-8120-8c3e92300a3a,Plantur 39 Leave-In Sprühkur,Plantur 39,https://www.dm.de/p/d/1257393/plantur-39-leave-in-spruehkur,6.95,2026-09-04T00:00:00+00:00,host_not_enabled,,,,manual_review
5122791e-6572-4ed0-b4c4-a7183912b7cf,OGX Coconut Miracle Oil Haarmaske,OGX,https://www.dm.de/ogx-haarkur-coconut-miracle-oil-p3574661685168.html,9.99,2026-09-04T00:00:00+00:00,host_not_enabled,,,,manual_review
838884a1-5586-4c7f-9294-7c9606a4ef1d,alverde NATURKOSMETIK Conditioner Nutri Care,alverde NATURKOSMETIK,https://www.dm.de/p/d/3114892/alverde-naturkosmetik-conditioner-nutri-care,1.25,2026-09-04T00:00:00+00:00,host_not_enabled,,,,manual_review
8686e8b6-3b9b-4770-b0f0-c8d9f5eb3a59,OGX Conditioner Coconut Miracle Oil,OGX,https://www.dm.de/p/d/2201293/ogx-conditioner-coconut-miracle-oil,6.95,2026-09-04T00:00:00+00:00,host_not_enabled,,,,manual_review
96f4cf13-7a71-4924-b44e-9d5612d55d32,alverde NATURKOSMETIK Haarmaske Hydro Feuchtigkeit,alverde NATURKOSMETIK,https://www.dm.de/alverde-naturkosmetik-haarmaske-feuchtigkeit-aloe-vera-und-hyaluron-p4066447331172.html,0.95,2026-09-04T00:00:00+00:00,host_not_enabled,,,,manual_review
d70fdc25-2cdc-4b8a-b005-c4c719d88c33,alverde NATURKOSMETIK Haarserum Nutri-Care,alverde NATURKOSMETIK,https://www.dm.de/p/d/3106844/alverde-naturkosmetik-haarserum-nutri-care,2.75,2026-09-04T00:00:00+00:00,host_not_enabled,,,,manual_review
e3571e45-1126-4431-bef8-43153ef64c20,alverde NATURKOSMETIK Haarkur 4in1 Repair & Care Wunderkur,alverde NATURKOSMETIK,https://www.dm.de/alverde-naturkosmetik-haarkur-4in1-repair-wunderkur-p4066447523874.html,3.25,2026-09-04T00:00:00+00:00,host_not_enabled,,,,manual_review
e75b6978-d9ca-4601-b40a-8eb8cc974b45,Balea Haarkur Feuchtigkeit,Balea,https://www.dm.de/p/d/1679500/balea-haarkur-feuchtigkeit,0.55,2026-09-04T00:00:00+00:00,host_not_enabled,,,,manual_review
0017381a-84ba-46dd-9b6e-7ef457e8b5b4,Garnier Wahre Schätze Shampoo Honig Schätze,Garnier Wahre Schätze,https://www.dm.de/p/d/1670316/wahre-schaetze-shampoo-honig-schaetze,3.45,2026-09-04T12:00:00+00:00,host_not_enabled,,,,manual_review
0ab645f9-d46d-4cf2-96a5-b5e00f74cae2,Syoss Shampoo Intense Keratin,Syoss,https://www.dm.de/p/d/3047030/syoss-shampoo-intense-keratin,3.95,2026-09-04T12:00:00+00:00,host_not_enabled,,,,manual_review
286071ba-9c9a-4c60-979c-7e51df949fbf,Garnier Fructis Locken Methode Feuchtigkeits-Shampoo,Garnier Fructis,https://www.dm.de/p/d/1324798/garnier-fructis-shampoo-locken-methode-feuchtigkeit,3.95,2026-09-04T12:00:00+00:00,host_not_enabled,,,,manual_review
2e887538-3b92-4344-9bbd-1761383ba4a6,Herbal Essences Shampoo Fiji,Herbal Essences,https://www.dm.de/p/d/3130636/herbal-essences-shampoo-fiji,3.95,2026-09-04T12:00:00+00:00,host_not_enabled,,,,manual_review
3405f33b-ae5f-4185-b72b-68c9a87f7c06,Schwarzkopf GLISS Shampoo Liquid Silk,Schwarzkopf GLISS,https://www.dm.de/p/d/1430803/schwarzkopf-gliss-shampoo-liquid-silk,2.95,2026-09-04T12:00:00+00:00,host_not_enabled,,,,manual_review
bb1b029f-a8fa-4276-8268-f6ce418128c7,Schwarzkopf GLISS Shampoo Total Repair,Schwarzkopf GLISS,https://www.dm.de/p/d/1430913/schwarzkopf-gliss-shampoo-total-repair,2.95,2026-09-04T12:00:00+00:00,host_not_enabled,,,,manual_review
cc9318d2-13af-4c83-8b5e-7effb687c92f,L'Oréal Paris Elvital Hydra Hyaluronic 72H Feuchtigkeit-Auffüllendes Shampoo,L'Oréal Paris Elvital,https://www.dm.de/p/d/1455496/l-oreal-paris-elvital-shampoo-hydra-hyaluronic-feuchtigkeitsspendend,9.95,2026-09-04T12:00:00+00:00,host_not_enabled,,,,manual_review
e4e4fd05-33fd-4048-9553-76815bff5d43,schauma Shampoo Repair & Pflege,schauma,https://www.dm.de/p/d/1588724/schauma-shampoo-repair-und-pflege,1.95,2026-09-04T12:00:00+00:00,host_not_enabled,,,,manual_review
0d5a4af5-d046-4378-b608-515c9d1d66ec,Redken All Soft Mega Curls Leave-In,Redken,https://www.douglas.de/de/p/5010905038,24.44,2026-06-10T00:00:00+00:00,"no_price_found: beobachtet Redken All Soft Mega Curls Hydramelt, 150 ml @ https://www.hair24.de/Redken-All-Soft-Mega-Curls-Hydramelt-150-ml","Redken All Soft Mega Curls Hydramelt, 150 ml",31.85,https://www.hair24.de/Redken-All-Soft-Mega-Curls-Hydramelt-150-ml,manual_review
2bafeb7e-6610-4efc-a8e8-a402071b2ed9,Curlsmith Multitasking Conditioner 3 in 1,Curlsmith,https://www.douglas.de/de/p/5011693052,20.95,2026-06-10T00:00:00+00:00,llm_reports_unavailable: 21 EUR @ https://www.douglas.de/de/p/5011693052 — verify link status manually,"Curlsmith Conditioner Multi-Tasking, 237 ml",21,https://www.douglas.de/de/p/5011693052,manual_review
38dace91-0fba-49ee-a93f-ac36e488fe4b,K18 Leave-In Molecular Repair Hair Mask,K18,https://www.douglas.de/de/p/5010334127,75,2026-06-10T00:00:00+00:00,price delta 33% (75 -> 49.99 EUR) exceeds 30%,K18 Leave-In Molecular Repair Hair Mask 50 ml,49.99,https://www.douglas.de/de/p/5010334127,manual_review
7a3d1d99-2ff4-49b9-b021-d5ec2bdb0fe6,Moroccanoil All In One Leave In Conditioner,Moroccanoil,https://www.douglas.de/de/p/5011481841,28.8,2026-06-10T00:00:00+00:00,price delta 44% (28.8 -> 16 EUR) exceeds 30%,"Moroccanoil Leave-In-Conditioner Hydration All in One, 50 ml - Mini",16,https://www.douglas.de/de/p/5011481841,manual_review
8f84eae5-222d-4bbf-9ab0-f30361882a95,K18 Hair Professional Molecular Repair Hair Mist,K18,https://www.douglas.de/de/p/m001995632,33.17,2026-06-10T00:00:00+00:00,"no_price_found: beobachtet K18 Professional Molecular Repair Hair Mist, 150 ml @ https://www.look-beautiful.de/professional-molecular-repair-hair-mist-sw13531","K18 Professional Molecular Repair Hair Mist, 150 ml",62.95,https://www.look-beautiful.de/professional-molecular-repair-hair-mist-sw13531,manual_review
993f0e55-2450-4557-853d-e6e23ec0d1a9,OUAI Leave In Conditioner,OUAI,https://www.douglas.de/de/p/5002560059,25.25,2026-06-10T00:00:00+00:00,"no_price_found: beobachtet OUAI Leave in Conditioner, 140 ml @ https://www.sephora.de/p/leave-in-conditioner-P3282012.html","OUAI Leave in Conditioner, 140 ml",25.45,https://www.sephora.de/p/leave-in-conditioner-P3282012.html,manual_review
0756a919-5fab-4b6c-a5da-8cb810869b6f,Living Proof Restore Repair Leave-In,Living Proof,https://www.douglas.de/de/p/5011050022,27.99,2026-09-30T17:40:15.745+00:00,host_not_enabled,,,,manual_review
118ebae1-b7a9-4a89-a2ff-6c31df28c4dc,EVO Head Mistress,EVO,https://www.douglas.de/de/p/5010334174,24.92,2026-09-30T17:40:55.59+00:00,host_not_enabled,,,,manual_review
11a099f7-eabe-4bdb-bfd3-995f35cb6ee4,Color WOW Money Mist,Color WOW,https://www.douglas.de/de/p/5011499127,31.99,2026-09-30T17:41:07.687+00:00,host_not_enabled,,,,manual_review
2b7db7e3-2058-4178-8a03-7d05f4a1d447,Redken Extreme Anti-Snap,Redken,https://www.douglas.de/de/p/5010083018,25.99,2026-09-30T17:41:19.818+00:00,host_not_enabled,,,,manual_review
39ec1b2d-4aa0-4c4e-b581-9b6d5efea530,Redken One United,Redken,https://www.douglas.de/de/p/5002537033,21.99,2026-09-30T17:42:04.151+00:00,host_not_enabled,,,,manual_review
42b9eba7-d0e3-4d02-ae2b-7a1612a561fe,EVO Happy Campers,EVO,https://www.douglas.de/de/p/5010334176,24.92,2026-09-30T17:42:34.492+00:00,host_not_enabled,,,,manual_review
7f5207e6-d281-416e-922c-3135dd9a8cc8,Innersense Harmonic Treatment Oil,Innersense,https://www.douglas.de/de/p/m001643012,29.99,2026-09-30T17:42:57.377+00:00,host_not_enabled,,,,manual_review
a3b21686-fe35-46f1-b560-b8a563dc96ae,Redken Acidic Color Gloss Leave-In,Redken,https://www.douglas.de/de/p/5011356068,26.99,2026-09-30T17:43:54.56+00:00,host_not_enabled,,,,manual_review
1568b623-f411-4ed6-a89f-e797bb1b48f5,Alterra Intensiv Repair Haarmaske Feuchtigkeit,Alterra,https://www.rossmann.de/de/pflege-und-duft-alterra-haarmaske/p/4068134014122,2.79,2026-06-10T00:00:00+00:00,not_found: beobachtet Alterra Haarmaske @ https://www.rossmann.de/de/pflege-und-duft-alterra-haarmaske/p/4068134014122,Alterra Haarmaske,,https://www.rossmann.de/de/pflege-und-duft-alterra-haarmaske/p/4068134014122,manual_review
47795618-40e7-4ef6-8034-0fd8eb747575,Isana 3in1 Milchprotein & Mandel,Isana,https://www.rossmann.de/de/pflege-und-duft-isana-isana-haarmaske-3in1-mandelmilch-milchprotein-und-mandel/p/4305615627441,0.69,2026-06-10T00:00:00+00:00,not_found: beobachtet unbekannt @ https://www.rossmann.de/de/pflege-und-duft/haarpflege/haarkur/c/olcat3_4133127?info=text.product.notAvailable.error,,,https://www.rossmann.de/de/pflege-und-duft/haarpflege/haarkur/c/olcat3_4133127?info=text.product.notAvailable.error,manual_review
7a1d7fe1-3240-4d6d-9c92-96a4bcf46ea9,Gliss Aqua Revive,Gliss,https://www.rossmann.de/de/pflege-und-duft-gliss-aqua-revive-feuchtigkeit-4-in-1-bonding-haarmaske/p/4015100813555,4.75,2026-06-10T00:00:00+00:00,llm_reports_unavailable: 13.89 EUR @ https://www.douglas.de/de/p/m003070896 — verify link status manually,"Schwarzkopf Haarmaske GLISS AQUA REVIVE Maske, 400 ml",13.89,https://www.douglas.de/de/p/m003070896,manual_review
869abd97-a499-4f39-97e5-2722773e46ae,Sante Intense Hydration,Sante,https://www.rossmann.de/de/pflege-und-duft-sante-intense-hydration-haarmaske/p/4025089005896,6.99,2026-06-10T00:00:00+00:00,llm_reports_unavailable: 6.99 EUR @ https://www.sante.de/intense-hydration-maske-hyaluron-3-fach-protein-komplex/40628 — verify link status manually,"Intense Hydration Maske Hyaluron + 3-Fach Protein Komplex, 150 ml",6.99,https://www.sante.de/intense-hydration-maske-hyaluron-3-fach-protein-komplex/40628,manual_review
03b847e5-01b9-40e5-950a-98efc73abb3a,Salthouse Anti Fett,Salthouse,https://www.rossmann.de/de/pflege-und-duft-salthouse-totes-meer-therapie-anti-fett-shampoo/p/4008890006467,3.99,2026-06-11T00:00:00+00:00,host_not_enabled,,,,manual_review
1ef2be82-259c-4a1f-af2e-3ac3403f9731,Salthouse Anti Juckreiz,Salthouse,https://www.rossmann.de/de/pflege-und-duft-salthouse-totes-meer-therapie-shampoo-anti-juckreiz/p/4008890006405,3.99,2026-06-11T00:00:00+00:00,host_not_enabled,,,,manual_review
25931499-63ac-4076-b88c-8c23a38f0fa5,Pomélo+Co Shine Therapy Conditioner,Pomélo+Co,https://www.rossmann.de/de/pflege-und-duft-pomeloco-shine-therapy-conditioner/p/4260625261989,8.99,2026-06-11T00:00:00+00:00,host_not_enabled,,,,manual_review
261e5c9f-d312-4206-82da-fbd0ab6f3614,Salthouse Anti Schuppen,Salthouse,https://www.rossmann.de/de/pflege-und-duft-salthouse-totes-meer-mildes-anti-schuppen-shampoo/p/4008890006429,3.99,2026-06-11T00:00:00+00:00,host_not_enabled,,,,manual_review
2ecd3c9d-90f6-45a3-a72c-daefed50be10,OGX Renewing + Argan Oil of Morocco Shampoo,OGX,https://www.rossmann.de/de/pflege-und-duft-ogx-renewing-argan-oil-of-morocco-shampoo/p/3574661799438,6.99,2026-06-11T00:00:00+00:00,host_not_enabled,,,,manual_review
5516009a-eecb-42dd-87f6-07c560161136,Garnier Fructis Hair Food Aloe Vera Feuchtigkeits-Spülung,Garnier Fructis,https://www.rossmann.de/de/pflege-und-duft-garnier-fructis-feuchtigkeits-aloe-vera-hair-food-spuelung/p/3600542398022,3.99,2026-06-11T00:00:00+00:00,host_not_enabled,,,,manual_review
64fb44d5-8701-46ab-bcba-f1747f071e48,Neqi Volume Victory,Neqi,https://www.rossmann.de/de/pflege-und-duft-neqi-volume-victory-shampoo/p/4063528078377,9.95,2026-06-11T00:00:00+00:00,host_not_enabled,,,,manual_review
7964b930-7e88-4f93-89d3-fa437f8e753c,Isana Professional Arganöl & Pflege Spülung,Isana,https://www.rossmann.de/de/pflege-und-duft-isana-professional-spuelung-arganoel-und-pflege/p/4305615624945,1.39,2026-06-11T00:00:00+00:00,host_not_enabled,,,,manual_review
7b5ec424-d21f-4eb8-999e-7aed98e94b86,Rosemary Mint Shampoo,OGX,https://www.rossmann.de/de/pflege-und-duft-ogx-rosemary-mint-shampoo/p/3574661805931,6.99,2026-06-11T00:00:00+00:00,host_not_enabled,,,,manual_review
8c3eda97-5009-40bb-959b-1a7d90f48b09,Garnier Wahre Schätze Kokosmilch & Macadamia Nährende Spülung,Garnier Wahre Schätze,https://www.rossmann.de/de/pflege-und-duft-garnier-wahre-schaetze-spuelung-kokosmilch-und-macadamia-normales-und-trockenes-haar/p/3600542462327,2.49,2026-06-11T00:00:00+00:00,host_not_enabled,,,,manual_review
952a4834-e451-4dc3-ba19-ebb8927eb5e4,Neqi Volume Victory Conditioner,Neqi,https://www.rossmann.de/de/pflege-und-duft-neqi-nq-volume-victory-conditioner-250ml/p/4063528078407,9.95,2026-06-11T00:00:00+00:00,host_not_enabled,,,,manual_review
95e47992-b45b-4847-ba87-b8c3e608fc63,Neqi Moisture Mystery Conditioner,Neqi,https://www.rossmann.de/de/pflege-und-duft-neqi-moisture-mystery-conditioner/p/4063528078315,9.95,2026-06-11T00:00:00+00:00,host_not_enabled,,,,manual_review
99de5b38-3e80-4360-889c-2505f46a7243,Garnier Wahre Schätze Argan-Mandelcreme Spülung,Garnier Wahre Schätze,https://www.rossmann.de/de/pflege-und-duft-garnier-wahre-schaetze-reichhaltige-creme-spuelung-argan-mandelcreme/p/3600542462594,2.49,2026-06-11T00:00:00+00:00,host_not_enabled,,,,manual_review
d408aca9-cd16-4cb0-90e7-bab26a698000,Head & Shoulders DERMAXPRO Haarshampoo Sensitive Pflege,Head & Shoulders,https://www.rossmann.de/de/pflege-und-duft-head-und-shoulders-dermaxpro-haarshampoo-sensitive-pflege/p/8700216496032,4.99,2026-06-11T00:00:00+00:00,host_not_enabled,,,,manual_review
e7bfd306-b128-4735-a9f8-0eeacdbd5013,Sebamed Every-Day Shampoo,Sebamed,https://www.rossmann.de/de/pflege-und-duft-sebamed-every-day-shampoo/p/4103040051752,3.99,2026-06-11T00:00:00+00:00,host_not_enabled,,,,manual_review
4f6dc4e4-d163-405d-9c68-3b2467090078,Syoss Intense Curls Haarmaske,Syoss,https://www.rossmann.de/de/pflege-und-duft-syoss-haarmaske-intense-curls/p/4015100866100,4.99,2026-06-27T14:38:36.157+00:00,host_not_enabled,,,,manual_review
82f9dcba-0422-4932-a879-c2bec0113e55,Gliss Ultimate Repair Spülung,Gliss,https://www.rossmann.de/de/pflege-und-duft-gliss-ultimate-repair-spuelung/p/4015100812237,2.99,2026-06-27T14:38:36.157+00:00,host_not_enabled,,,,manual_review
bbfd8b03-d219-48bb-9ab3-b7c14bcae3dd,Leave-In Moisturizing Mist,Neqi,https://www.rossmann.de/de/pflege-und-duft-neqi-leave-in-mist/p/4063528103222,12.99,2026-06-27T14:38:36.157+00:00,host_not_enabled,,,,manual_review
07895098-a301-4137-b5c6-9061589b1800,Deep Cleansing Shampoo,NEQI,https://www.rossmann.de/de/pflege-und-duft-neqi-deep-cleansing-shampoo/p/4063528103192,12.99,2026-07-03T00:00:00+00:00,host_not_enabled,,,,manual_review
ae0e9d21-1e16-4c03-9792-773dbdc2fd18,Professional Shampoo Tiefenreinigung,ISANA,https://www.rossmann.de/de/pflege-und-duft-isana-professional-shampoo-tiefenreinigung/p/4068134135490,1.29,2026-07-03T00:00:00+00:00,host_not_enabled,,,,manual_review
2544de60-e295-47ec-98a1-6b4ca58ce4be,Kopfhautpeeling Tiefenreinigung,Isana,https://www.rossmann.de/de/pflege-und-duft-isana-professional-kopfhautpeeling-tiefenreinigung/p/4068134100023,2.99,2026-08-09T09:19:32+00:00,host_not_enabled,,,,manual_review
2b2161a2-6c09-435f-adbb-49da44d434ae,Trockenshampoo Extra Volumen,got2b,https://www.rossmann.de/de/pflege-und-duft-got2b-trockenshampoo-trocken-waesche-extra-volumen/p/4015100800227,3.99,2026-09-30T17:22:16.066+00:00,host_not_enabled,,,,manual_review
5dc2fae3-a0ca-4e6c-9c30-02dd192772f0,Gliss Ultimate Repair Sprüh-Conditioner,Gliss,https://www.rossmann.de/de/pflege-und-duft-gliss-ultimate-repair-express-repair-spuelung/p/4015100813494,4.99,2026-09-30T17:22:34.104+00:00,host_not_enabled,,,,manual_review
0b21f996-bb42-4b10-89bd-4881c4346d53,ISANA PROFESSIONAL Leave-In Conditioner Hyaluron & Panthenol,Isana,https://www.rossmann.de/de/pflege-und-duft-isana-professional-leave-in-conditioner-hyaluron-und-care/p/4305615946733,2.49,2026-09-30T17:36:17.074+00:00,host_not_enabled,,,,manual_review
43232fe6-28b6-4f45-a09f-b1354e47b0be,Bali Curls SOS Protein Treatment,Bali Curls,https://www.rossmann.de/de/pflege-und-duft-bali-curls-total-repair-sos-protein-treatment/p/4262391991114,2.79,2026-09-30T17:36:51.678+00:00,host_not_enabled,,,,manual_review
a7ff335a-7e81-4cf4-9c20-9209bff4386b,Neqi Moisture Mystery,Neqi,https://www.rossmann.de/de/pflege-und-duft-neqi-moisture-mystery-shampoo/p/4063528078285,8.99,2026-09-30T17:38:06.299+00:00,host_not_enabled,,,,manual_review
b3932c84-d6e1-453d-b52e-bed1df190fed,Jean&Len Tiefenreparatur Haarkur,Jean&Len,https://www.rossmann.de/de/pflege-und-duft-jeanundlen-tiefenreparatur-haarkur/p/4262401737824,5.49,2026-09-30T17:38:22.753+00:00,host_not_enabled,,,,manual_review
b5b595d2-9ba3-4c99-8f99-b2b79d29eb56,Trockenshampoo Jedes Haar,ISANA,https://www.rossmann.de/de/pflege-und-duft-isana-trockenshampoo-jedes-haar/p/4305615554532,1.99,2026-09-30T17:38:35.319+00:00,host_not_enabled,,,,manual_review
c05773dd-9656-4381-a0ab-8e9fc310c520,L’Oréal Elvital Öl Magique Jojoba,L’Oréal,https://www.rossmann.de/de/pflege-und-duft-loreal-paris-elvital-oel-magique-jojoba-haaroel/p/3600523749188,6.99,2026-09-30T17:38:52.955+00:00,host_not_enabled,,,,manual_review
c574ee6f-ad22-45c0-b936-57b847d93433,Garnier Fructis Sleek & Stay Heat-Activated Serum,Garnier,https://www.rossmann.de/de/pflege-und-duft-garnier-fructis-sleek-und-stay-heat-activated-serum/p/3600542638852,7.99,2026-09-30T17:39:08.924+00:00,host_not_enabled,,,,manual_review
f8f3b51d-8e64-487d-bad5-4a47c58862ed,Pantene Pro-V Miracles 7in1 Haaröl Spray,Pantene,https://www.rossmann.de/de/pflege-und-duft-pantene-pro-v-miracles-schwereloses-7in1-haaroel-spray/p/8700216178402,8.99,2026-09-30T17:39:21.264+00:00,host_not_enabled,,,,manual_review
fe974387-b487-470e-9799-69bb4249070b,Pantene Pro-V Keratin Protect Öl,Pantene,https://www.rossmann.de/de/pflege-und-duft-pantene-pro-v-repair-und-care-keratin-protect-oel/p/4084500084971,3.99,2026-09-30T17:39:37.944+00:00,host_not_enabled,,,,manual_review
ff13bc3a-8bc6-49df-85a0-7a67add26926,NANOIL Avocadoöl,NANOIL,https://www.rossmann.de/de/pflege-und-duft-nanoil-avocadooel/p/5905669547130,12.99,2026-09-30T17:39:51.672+00:00,host_not_enabled,,,,manual_review
b761256d-c0d2-4413-9fa5-8ab950ef69bf,Syoss Intense Fullness Shampoo,Syoss,https://www.rossmann.de/de/pflege-und-duft-syoss-shampoo-intense-fullness/p/4015100860429,4.49,2026-06-29T13:18:07+00:00,host_not_enabled,,,,manual_review
62ff4f08-3ff2-49f3-9e93-e6fd0f395a4d,John Frieda Frizz Ease Wunder-Reparatur Conditioner,John Frieda,https://www.rossmann.de/de/pflege-und-duft-john-frieda-frizz-ease-wunder-reparatur-wunder-reparatur-conditioner/p/5037156298697,9.99,2026-07-02T07:50:29.423+00:00,host_not_enabled,,,,manual_review
7fb31d10-ff21-410b-9dc2-2d1ad34b9130,Schwarzkopf GLISS Liquid Silk Spülung,Schwarzkopf,https://www.rossmann.de/de/pflege-und-duft-gliss-liquid-silk-spuelung/p/4015100812350,2.99,2026-07-03T13:30:00+00:00,host_not_enabled,,,,manual_review
88c230c5-1020-4648-a10e-c2a1e8c87e0e,Ultimate Shampoo,L'Oréal Paris,https://www.rossmann.de/de/pflege-und-duft-loreal-paris-elvital-glycolic-gloss-shampoo/p/3600524128005,6.99,2026-07-03T14:06:48.213+00:00,host_not_enabled,,,,manual_review
315ae9f5-ad1a-4159-b307-2413338c8052,Herbal Essences Haarmaske Blütensanft,Herbal Essences,https://www.rossmann.de/de/pflege-und-duft-herbal-essences-haarmaske-bluetensanft/p/8700216212724,3.99,2026-09-02T00:00:00+00:00,host_not_enabled,,,,manual_review
3175b0a5-1be7-430f-b3d9-22ab3b4c11d2,Being Major Moisture Leave-In Conditioner,Being,https://www.rossmann.de/de/pflege-und-duft-being-major-moisture-leave-in-conditioner/p/4895248005988,6.79,2026-09-02T00:00:00+00:00,host_not_enabled,,,,manual_review
4c4980b7-99e0-4225-90fb-d55082a1f264,L'Oréal Paris Elvital Leave-In Haarkur Hydra Hyaluron Aufpolsterndes Feuchtigkeitsserum,L'Oréal Paris Elvital,https://www.rossmann.de/de/pflege-und-duft-loreal-paris-elvital-leave-in-haarkur-hydra-hyaluron-aufpolsterndes-feuchtigkeitsserum/p/3600524030865,6.99,2026-09-02T00:00:00+00:00,host_not_enabled,,,,manual_review
c9ded02d-0bd8-4dc2-a7cc-c98f36dfe076,Isana Professional Haaröl Arganöl & Pflege,Isana Professional,https://www.rossmann.de/de/pflege-und-duft-isana-professional-haaroel-arganoel-und-pflege/p/4068134024947,2.79,2026-09-02T00:00:00+00:00,host_not_enabled,,,,manual_review
169be6d1-bd8c-4902-ba1d-3db349cb4854,John Frieda Go Blonder Conditioner,John Frieda,https://www.rossmann.de/de/pflege-und-duft-john-frieda-go-blonder-go-blonder-conditioner/p/5037156296204,14.39,2026-09-03T00:00:00+00:00,host_not_enabled,,,,manual_review
9f1ee875-95a2-4ab0-8bc5-23d1f12bd6f9,Syoss Tiefenspülung Intense Repair,Syoss,https://www.rossmann.de/de/pflege-und-duft-syoss-tiefenspuelung-intense-repair/p/4015100860986,3.49,2026-09-03T00:00:00+00:00,host_not_enabled,,,,manual_review
f042a36c-88d5-41ae-87fe-a816ea608bc6,Nivea Hairmilk Shine Glanzspülung,Nivea,https://www.rossmann.de/de/pflege-und-duft-nivea-hairmilk-shine-glanzspuelung/p/4006000192673,2.49,2026-09-03T00:00:00+00:00,host_not_enabled,,,,manual_review
0585c8b1-159b-43d3-8432-a91b9973c7b6,ISANA Spülung Oil Repair Marulaöl,ISANA,https://www.rossmann.de/de/pflege-und-duft-isana-spuelung-oil-repair-marulaoel/p/4068134071125,0.65,2026-09-04T00:00:00+00:00,host_not_enabled,,,,manual_review
106aaea7-cbdf-400c-bf3c-7cf7ce268577,Being (by ZURU) Mega Shine Haarmaske,Being (by ZURU),https://www.rossmann.de/de/pflege-und-duft-being-mega-shine-haarmaske/p/4895248006015,6.79,2026-09-04T00:00:00+00:00,host_not_enabled,,,,manual_review
109acbf6-51c5-42fc-8982-7a55b5ad2200,Being Bye Bye Frizz Conditioner,Being,https://www.rossmann.de/de/pflege-und-duft-being-bye-bye-frizz-conditioner/p/4895248005933,6.79,2026-09-04T00:00:00+00:00,host_not_enabled,,,,manual_review
1bf36485-3fe8-4fe0-9a03-b2bf7b451f0c,Being (by ZURU) Mega Moisture Haarmaske,Being (by ZURU),https://www.rossmann.de/de/pflege-und-duft-being-mega-moisture-haarmaske/p/4895248006008,6.79,2026-09-04T00:00:00+00:00,host_not_enabled,,,,manual_review
25359379-8a85-4f2f-a338-2a7361b747a7,Isana Professional Haarmaske Locken Traum,Isana Professional,https://www.rossmann.de/de/pflege-und-duft-isana-professional-haarmaske-locken-traum/p/4305615846965,2.79,2026-09-04T00:00:00+00:00,host_not_enabled,,,,manual_review
27fafbbd-9a89-4335-aed0-5cf5a081ef5c,Isana Professional Plex Maske,Isana Professional,https://www.rossmann.de/de/pflege-und-duft-isana-professional-plex-maske/p/4305615975948,2.49,2026-09-04T00:00:00+00:00,host_not_enabled,,,,manual_review
2be1a34f-5c80-4b14-a0f5-b56bebe861a8,ISANA Spülung Seidenglanz,ISANA,https://www.rossmann.de/de/pflege-und-duft-isana-spuelung-seidenglanz/p/4305615566207,0.65,2026-09-04T00:00:00+00:00,host_not_enabled,,,,manual_review
4c9bde95-3594-4ce7-bb02-29394ab7ed08,ISANA PROFESSIONAL Plex Spülung,ISANA PROFESSIONAL,https://www.rossmann.de/de/pflege-und-duft-isana-professional-plex-spuelung/p/4305615975924,1.99,2026-09-04T00:00:00+00:00,host_not_enabled,,,,manual_review
90e10088-8226-4e07-b197-3eab6b61d7a2,ISANA PROFESSIONAL Spülung Locken Traum,ISANA PROFESSIONAL,https://www.rossmann.de/de/pflege-und-duft-isana-professional-spuelung-locken-traum/p/4305615846958,1.29,2026-09-04T00:00:00+00:00,host_not_enabled,,,,manual_review
cfeab4b2-fdd6-4348-bf2b-aca58e686869,Being Curl Power Locken Conditioner,Being,https://www.rossmann.de/de/pflege-und-duft-being-curl-power-locken-conditioner/p/4895248005940,6.79,2026-09-04T00:00:00+00:00,host_not_enabled,,,,manual_review
d6cde507-1c34-4dea-8239-abd097d50818,ISANA PROFESSIONAL Spülung Keratin & Repair,ISANA PROFESSIONAL,https://www.rossmann.de/de/pflege-und-duft-isana-professional-spuelung-keratin-und-repair/p/4305615830957,1.29,2026-09-04T00:00:00+00:00,host_not_enabled,,,,manual_review
d81e8069-82aa-4ac4-a719-4614640a45df,ISANA Spülung Feuchtigkeit,ISANA,https://www.rossmann.de/de/pflege-und-duft-isana-spuelung-feuchtigkeit/p/4068134071149,0.65,2026-09-04T00:00:00+00:00,host_not_enabled,,,,manual_review
1e61a644-94b0-4356-ab55-f58572fa1e18,head&shoulders Anti-Schuppen Shampoo Classic Clean,head&shoulders,https://www.rossmann.de/de/pflege-und-duft-head-und-shoulders-anti-schuppen-shampoo-classic-clean/p/8001090896315,6.29,2026-09-04T12:00:00+00:00,host_not_enabled,,,,manual_review
22f95dcb-12de-4d62-b206-f03dbd6e94a0,ISANA Shampoo & Spülung 2 in 1 Volumen Malve & Acai,ISANA,https://www.rossmann.de/de/pflege-und-duft-isana-shampoo-und-spuelung-2in1-volumen/p/4305615566115,0.65,2026-09-04T12:00:00+00:00,host_not_enabled,,,,manual_review
4a45948b-53a6-48ac-9c02-20718c1d19c4,Being Big Hair Shampoo,Being,https://www.rossmann.de/de/pflege-und-duft-being-big-hair-shampoo/p/4895248005872,6.79,2026-09-04T12:00:00+00:00,host_not_enabled,,,,manual_review
50951ef2-e16a-4a51-85c5-a709aa64c03a,Maria Nila Coils & Curls Oil in Cream,Maria Nila,https://www.flaconi.de/haare/maria-nila/coils-and-curls/maria-nila-coils-and-curls-oil-in-cream-leave-in-treatment.html,31,2026-06-10T00:00:00+00:00,"not_found: beobachtet Maria Nila Coils & Curls Oil In Cream, 100 ml @ https://www.flaconi.de/haare/maria-nila/coils-and-curls/maria-nila-coils-and-curls-oil-in-cream-leave-in-treatment.html","Maria Nila Coils & Curls Oil In Cream, 100 ml",,https://www.flaconi.de/haare/maria-nila/coils-and-curls/maria-nila-coils-and-curls-oil-in-cream-leave-in-treatment.html,manual_review
6dc65df2-2466-43e4-bdc2-3a05803f305c,Monday Haircare Volume Kraft & Fülle Shampoo,Monday Haircare,https://www.flaconi.de/haare/monday-haircare/volume/monday-haircare-volume-kraft-and-fuelle-haarshampoo.html,8.95,2026-06-11T00:00:00+00:00,no_adapter_for_host,,,,manual_review
663acf09-7090-40d8-9411-71154b9d60f3,Shiseido Fino Premium Touch Penetrating Hair Oil Essence,Shiseido Fino,https://www.amazon.de/Fino-Premium-Touch-Penetrating-Essence/dp/B0GVFQP34X,11,2026-06-10T00:00:00+00:00,no_price_found: beobachtet Fino Premium Touch Penetration Essence Hair Oil 70ml @ https://nalda.de/products/4550516493590,Fino Premium Touch Penetration Essence Hair Oil 70ml,12.41,https://nalda.de/products/4550516493590,manual_review
c320750f-6a1e-420d-8594-409f04e05319,OGX Bond Protein Repair,OGX,https://www.amazon.de/OGX-Spr%C3%BChnebel-besch%C3%A4digtes-Technology-Dual-Action-Reparaturtechnologie/dp/B0DQLHGGYJ,8.95,2026-06-10T00:00:00+00:00,"not_found: beobachtet OGX Bond Protein Repair 3-in-1 Oil Mist, 50 ml @ https://www.amazon.de/OGX-Spr%C3%BChnebel-besch%C3%A4digtes-Technology-Dual-Action-Reparaturtechnologie/dp/B0DQLHGGYJ","OGX Bond Protein Repair 3-in-1 Oil Mist, 50 ml",,https://www.amazon.de/OGX-Spr%C3%BChnebel-besch%C3%A4digtes-Technology-Dual-Action-Reparaturtechnologie/dp/B0DQLHGGYJ,manual_review
9f8da740-87b6-45e0-ab86-d77d63f2e22b,Guhl Bond+ Reparatur Spülung,Guhl,https://www.amazon.de/Guhl-BOND-REPARATUR-Sp%C3%BClung-Rotalgenextrakt/dp/B0CWJHVKV5,5.99,2026-06-11T00:00:00+00:00,no_adapter_for_host,,,,manual_review
94cf6959-a53b-421b-9f0f-05efc239171c,Wella Ultimate Repair Protective Leave-In,Wella Professionals,https://www.wella.com/professional/de-DE/products/haarpflege/ultimate-repair/ultimate-repair-protective-leave-in,18.51,2026-06-10T00:00:00+00:00,llm_reports_unavailable: 21.72 EUR @ https://www.shop-apotheke.com/beauty/upmFKXM79/wella-ultimate-repair-protective-leave-in.htm — verify link status manually,"Wella Ultimate Repair Protective Leave-In, 95 ml",21.72,https://www.shop-apotheke.com/beauty/upmFKXM79/wella-ultimate-repair-protective-leave-in.htm,manual_review
b916efff-8b80-47d4-82cf-d8148d1eff53,HASK Argan Oil Repairing Shine Oil,HASK,https://www.hagel-shop.de/hask-argan-oil-repairing-shine-oil-18-ml-5815315.html,2.95,2026-06-10T00:00:00+00:00,llm_reports_unavailable: 2.95 EUR @ https://www.hagel-shop.de/hask-argan-oil-repairing-shine-oil-18-ml-5815315.html — verify link status manually,Hask Argan Oil Repairing Shine Oil 18 ml,2.95,https://www.hagel-shop.de/hask-argan-oil-repairing-shine-oil-18-ml-5815315.html,manual_review
43cb9fbf-4b04-4554-a86a-7cb168536233,Authentic Beauty Concept Hydrate Spray,Authentic Beauty Concept,https://www.hagel-shop.de/authentic-beauty-concept-hydrate-spray-conditioner-250-ml.html,38.6,2026-09-30T17:44:19.155+00:00,no_adapter_for_host,,,,manual_review
5a9f4b7b-69d9-4e9a-8bbd-2dfbae9a5df3,HASK Keratin 5-in-1 Spray,HASK,https://www.hagel-shop.de/hask-keratin-protein-smoothing-5in1-leave-in-conditioner-175-ml.html,7.95,2026-09-30T17:44:32.847+00:00,no_adapter_for_host,,,,manual_review
696401be-16b5-4261-836f-28b57c1ecd59,It’s a 10 Miracle Leave-In,It’s,https://www.hagel-shop.de/it-s-a-10-miracle-leave-in-product-295-7-ml.html,44,2026-09-30T17:44:50.51+00:00,no_adapter_for_host,,,,manual_review
6ad82861-d68e-4e70-a976-78c0f35d087b,Kevin Murphy Young Again,Kevin Murphy,https://www.hagel-shop.de/kevin-murphy-young-again-leave-in-treatment-100-ml.html,43,2026-09-30T17:45:07.855+00:00,no_adapter_for_host,,,,manual_review
7b5ff358-1b3b-411d-9220-5e6d30543235,Maria Nila True Soft Argan Oil,Maria Nila,https://www.hagel-shop.de/maria-nila-true-soft-argan-oil-100-ml.html,37,2026-09-30T17:45:22.97+00:00,no_adapter_for_host,,,,manual_review
7c057f58-3e9b-4347-b4c1-f04cc4213f94,HASK Argan Conditioning Treatment Haarkur,Hask,https://www.hagel-shop.de/hask-argan-oil-repairing-deep-conditioner-sachet-50-ml.html,2.95,2026-09-30T17:45:37.394+00:00,no_adapter_for_host,,,,manual_review
7d65ed50-898c-40c3-8865-ebe5688774c8,It’s a 10 Miracle Leave-In Lite,It’s,https://www.hagel-shop.de/it-s-a-10-miracle-leave-in-conditioner-lite-120-ml.html,23,2026-09-30T17:45:48.977+00:00,no_adapter_for_host,,,,manual_review
915aa362-6479-41f2-bb59-0260493b3d58,Paul Mitchell Full Circle Leave-In,Paul Mitchell,https://www.hagel-shop.de/paul-mitchell-full-circle-leave-in-cream-150-ml.html,26.45,2026-09-30T17:46:01.705+00:00,no_adapter_for_host,,,,manual_review
9b664b11-fd11-47e3-9b7e-76e34736b43e,Alcina Hyaluron 2.0,Alcina,https://www.hagel-shop.de/alcina-hyaluron-2-0-spray-125-ml.html,14.9,2026-09-30T17:46:17.532+00:00,no_adapter_for_host,,,,manual_review
b139d4e8-6f26-4096-a1b9-d9efcb02d2ec,EVO Day of Grace Leave-In,EVO,https://www.hagel-shop.de/evo-day-of-grace-pre-style-primer-200-ml-5826168.html,28,2026-09-30T17:46:28.746+00:00,no_adapter_for_host,,,,manual_review
1b8f56b9-b186-4bed-a65c-f582ac0e9453,Hitzeschutzspray beat the heat,Jean&Len,https://www.jeanlen.de/hitzeschutzspray-beat-the-heat,3.99,2026-08-09T09:23:08+00:00,no_adapter_for_host,,,,manual_review
4f67cb6d-4b28-490b-9817-e8fc8e91b010,Jean&Len Colorglow Granatapfel Rose Conditioner,Jean&Len,https://www.jeanlen.de/en/color-conditioner-granatapfel-rose,4.29,2026-06-26T14:10:00+00:00,no_adapter_for_host,,,,manual_review
e5cfad78-ea22-49a5-911a-cb1f3109fa1c,Jean&Len Rosemary/Ginger Hair Mask Hydration Rosemary/Ginger,Jean&Len,https://www.jeanlen.de/en/haarmaske-feuchtigkeit-rosemary-ginger,7.99,2026-07-02T09:26:04+00:00,no_adapter_for_host,,,,manual_review
58aa2f19-b23a-4e09-ab0f-68c359371c9e,Multi-Peptide Serum for Hair Density,The Ordinary,https://theordinary.com/de-de/multi-peptide-serum-for-hair-density-hair-scalp-treatment-100434.html,26.5,2026-08-11T08:26:31+00:00,no_adapter_for_host,,,,manual_review
3dc24d67-e6c0-4239-a273-058a87d13553,OLAPLEX No.3PLUS Complete Repair Treatment,OLAPLEX,https://olaplex.de/products/original-olaplex-n-3plus-complete-repair-treatment,34,2026-09-30T17:22:44.47+00:00,no_adapter_for_host,,,,manual_review
4827c174-92e9-4121-ab70-843d5c037ad0,Olaplex No.5 Leave-In,Olaplex,https://olaplex.de/products/original-olaplex-n-5leave-in-conditioner,34,2026-09-30T17:22:57.933+00:00,no_adapter_for_host,,,,manual_review
4e99706a-2232-4ee6-ba1b-9ca1029a7364,Olaplex No.6 Bond Smoother,Olaplex,https://olaplex.de/products/olaplex-no-6-bond-smoother,32,2026-09-30T17:23:09.521+00:00,no_adapter_for_host,,,,manual_review
7d8c0150-778d-4cb9-abf5-bfc16ad93b12,Olaplex No.7 Bonding Oil,Olaplex,https://olaplex.de/products/olaplex-no-7-bonding-oil,32,2026-09-30T17:40:04.087+00:00,no_adapter_for_host,,,,manual_review
38886b62-2c45-4b34-9a24-7d831e97946e,MoriVeda Premium Moringaöl,MoriVeda,https://www.shop-apotheke.com/ernaehrung/upmLDFZ4H/moriveda-moringa-oel-premium-erstpressung-aus-geschaelten-oleifera-samen-schoten.htm,16.99,2026-09-30T17:44:07.609+00:00,no_adapter_for_host,,,,manual_review
ea88a333-b11c-45c3-bbda-c51f912ee56f,Balea Professional Brilliant Blond Hair Sealer Leave-in Serum,Balea,https://www.duitsevoordeeldrogist.nl/balea-professional-leave-in-serum-brilliant-blond.html,5.59,2026-07-01T08:55:05.052+00:00,no_adapter_for_host,,,,manual_review
010cf825-4892-4f78-bf20-26ad72122c60,Neqi Smooth Strength Smooth Strength Rosemary Oil,Neqi,https://www.cosmeterie.at/neqi/smooth-strength-rosemary-oil,9.95,2026-07-03T08:12:00+00:00,no_adapter_for_host,,,,manual_review
694c4568-9235-4893-ab54-96a75b3c4f27,Bali Curls Bonding Repair Leave-In Cream N°3,Bali Curls,https://www.bali-care.com/de-de/products/bonding-repair-leave-in-cream-n-3,13.9,2026-07-05T21:50:00+00:00,no_adapter_for_host,,,,manual_review
86f44889-b2c9-40a1-9190-58d7f738b6ca,ISANA Shampoo Sensitiv Baumwoll- & Kornblume,ISANA,https://www.rossmann.dk/da/pleje-og-duft-isana-shampoo-sensitiv/p/4305615566184,0.65,2026-09-04T12:00:00+00:00,no_adapter_for_host,,,,manual_review
e859d6e0-e991-4081-84b5-b81862c82475,Schwarzkopf GLISS Sealing Miracle Versiegelndes Shampoo,Schwarzkopf GLISS,https://www.schwarzkopf.de/marken/haarpflege/gliss/sealing-miracle/versiegelndes-shampoo.html,3.49,2026-09-04T12:00:00+00:00,no_adapter_for_host,,,,manual_review
eb99d805-20d4-4dbb-9651-17c9e954a769,NIVEA Power Repair Reparatur Shampoo,NIVEA,https://www.nivea.de/produkte/power-repair-reparatur-shampoo-250ml-40060001925430001.html,2.95,2026-09-04T12:00:00+00:00,no_adapter_for_host,,,,manual_review
8ef172f7-8e95-4ac7-a6a9-235ad760155b,Guhl Panthenol + Reparatur 2in1 Kur & Spülung,Guhl,https://www.mueller.de/p/guhl-panthenol-reparatur-2in1-kur-spuelung-IPN3052207/,4.95,2026-06-10T00:00:00+00:00,no_price_found: beobachtet Panthenol + Reparatur Spülung @ https://www.budni.de/sortiment/produkte/6435184007,Panthenol + Reparatur Spülung,4.99,https://www.budni.de/sortiment/produkte/6435184007,manual_review
