id,name,category,before_price_eur,approved_price_eur,package_value,package_unit,url,source_checked_at,new_barcode,note
05e68c32-f096-457f-8b88-5cd3c0934873,Jean&Len Repair Keratin & Mandel,oil,6.95,3.99,100,ml,https://www.jeanlen.de/keratin-haaroel,2026-10-03T13:13:44.650312+00:00,,Fresh exact primary PDP recheck retained the selected single-package price; accepted fallback remains only where no buyable preferred exact offer was established.
29e36443-93ff-4b62-9cf0-55ad9f89f530,BioGourmet Distelöl,oil,5.99,6.29,250,ml,https://www.greenist.de/biogourmet-bio-disteloel-250ml.html,2026-10-03T13:13:44.560893+00:00,,Fresh exact primary PDP recheck retained the selected single-package price; accepted fallback remains only where no buyable preferred exact offer was established.
315ae9f5-ad1a-4159-b307-2413338c8052,Herbal Essences Haarmaske Blütensanft,mask,3.99,5.58,300,ml,https://www.office-partner.de/herbal-essences-rose-haarmaske-300-ml-n2000020455,2026-10-03T13:13:43.953766+00:00,,Fresh exact primary PDP recheck retained the selected single-package price; accepted fallback remains only where no buyable preferred exact offer was established.
663acf09-7090-40d8-9411-71154b9d60f3,Shiseido Fino Premium Touch Penetrating Hair Oil Essence,oil,11.00,14.63,70,ml,https://nalda.de/products/4550516493590,2026-10-03T13:13:45.149103+00:00,,Fresh exact primary PDP recheck retained the selected single-package price; accepted fallback remains only where no buyable preferred exact offer was established.
695414e1-3435-4304-943b-76677408980c,Maria Nila Structure Repair Leave-In,leave_in,23.25,32.0,200,ml,https://www.cosmeterie.de/maria-nila/structure-repair-leave-in-cream-1,2026-10-03T13:13:43.957451+00:00,,Fresh exact primary PDP recheck retained the selected single-package price; accepted fallback remains only where no buyable preferred exact offer was established.
6dc65df2-2466-43e4-bdc2-3a05803f305c,Monday Haircare Volume Kraft & Fülle Shampoo,shampoo,5.40,7.95,350,ml,https://www.hagel-shop.de/monday-haircare-volume-shampoo-350-ml.html,2026-10-03T13:13:43.221511+00:00,,Fresh exact primary PDP recheck retained the selected single-package price; accepted fallback remains only where no buyable preferred exact offer was established.
9f8da740-87b6-45e0-ab86-d77d63f2e22b,Guhl Bond+ Reparatur Spülung,conditioner,5.99,5.99,200,ml,https://m.drogeriedepot.de/neue-produkte/guhl-conditioner-bond-reparatur-p-75039.html?active_tab=def&offset_def=96&offset_new=696,2026-10-03T13:13:43.221863+00:00,,Fresh exact primary PDP recheck retained the selected single-package price; accepted fallback remains only where no buyable preferred exact offer was established.
c320750f-6a1e-420d-8594-409f04e05319,OGX Bond Protein Repair,oil,8.95,18.68,50,ml,https://www.boozt.com/de/de/ogx/bond-repair-3-in-1-oil-mist-50-ml_32962841/231199513,2026-10-03T13:13:45.117224+00:00,,Fresh exact primary PDP recheck retained the selected single-package price; accepted fallback remains only where no buyable preferred exact offer was established.
d408aca9-cd16-4cb0-90e7-bab26a698000,Head & Shoulders DERMAXPRO Haarshampoo Sensitive Pflege,shampoo,4.99,5.59,250,ml,https://www.drogeriedepot.de/haarpflege-farben/haar-shampoo/head-shoulders-shampoo-derma-x-pro-sensitive-pflege-pr-077537/,2026-10-03T13:13:43.221021+00:00,,Fresh exact primary PDP recheck retained the selected single-package price; accepted fallback remains only where no buyable preferred exact offer was established.
11d42d9d-b8d8-42ae-a432-9a3d0f9d3504,Guhl Panthenol + Reparatur 2in1 Kur & Spülung,conditioner,4.95,2.8,200,ml,https://www.iwonatec.com/de/product/%21/guhl-2-in-1-hair-treatment-conditioner-with-panthenol-repair-200-ml,2026-10-03T13:15:56.683Z,,Exact selected primary PDP; accepted retailer/outlier recommendation; public single-unit price.
8ef172f7-8e95-4ac7-a6a9-235ad760155b,Guhl Panthenol + Reparatur 2in1 Kur & Spülung,mask,4.95,2.8,200,ml,https://www.iwonatec.com/de/product/%21/guhl-2-in-1-hair-treatment-conditioner-with-panthenol-repair-200-ml,2026-10-03T13:15:56.683Z,,Exact selected primary PDP; accepted retailer/outlier recommendation; public single-unit price.
4506954b-128a-473c-866f-54a300ff23f4,Hair Biology Full & Shining Conditioner,conditioner,4.99,5.24,160,ml,https://www.galaxus.de/de/s6/product/hair-biology-haarspuelung-full-shining-160-ml-160-ml-conditioner-13128066,2026-10-03T13:16:02.749Z,,Exact selected primary PDP; accepted retailer/outlier recommendation; public single-unit price.
993f0e55-2450-4557-853d-e6e23ec0d1a9,OUAI Leave In Conditioner,leave_in,25.25,30.45,140,ml,https://www.sephora.de/p/leave-in-conditioner-426531.html,2026-10-03T13:16:21.200Z,,Exact selected primary PDP; accepted retailer/outlier recommendation; public single-unit price.
cce6346c-8c92-4a17-b39b-cc7f300e84de,Syoss Haarkur Lamination Intense Glaze,mask,7.95,4.99,200,ml,https://www.rossmann.de/de/pflege-und-duft-syoss-haar-laminierungs-kur-intense-glaze/p/4015100867213,2026-10-03T13:16:08.529Z,,Exact selected primary PDP; accepted retailer/outlier recommendation; public single-unit price.
e859d6e0-e991-4081-84b5-b81862c82475,Schwarzkopf GLISS Sealing Miracle Versiegelndes Shampoo,shampoo,3.49,4.99,200,ml,https://www.rossmann.de/de/pflege-und-duft-gliss-sealing-shampoo-sealing-miracle/p/4015100895025,2026-10-03T13:19:18.354Z,,Catalog is shampoo; earlier brief erroneously described conditioner. Fresh canonical shampoo 200ml/registeredGTIN4015100895025 confirmed at4.99 after hydration.
35d81c4a-dbb0-474b-a068-2e1562adb0a8,Langhaarmädchen Beautiful Curls Conditioner,conditioner,4.95,4.95,250,ml,https://www.dm.de/p/d/1678991/langhaarmaedchen-conditioner-beautiful-curls,2026-10-03T13:16:39.025Z,,Exact current registered GTIN; no identity transition. Fresh selected DAN+GTIN public dm evidence.
ea88a333-b11c-45c3-bbda-c51f912ee56f,Balea Professional Brilliant Blond Hair Sealer Leave-in Serum,leave_in,5.59,2.75,100,ml,https://www.dm.de/p/d/3062765/balea-professional-leave-in-serum-brilliant-blond-hair-sealer,2026-10-03T13:16:40.223Z,,Exact current registered GTIN; no identity transition. Fresh selected DAN+GTIN public dm evidence.
7d8c0150-778d-4cb9-abf5-bfc16ad93b12,Olaplex No.7 Bonding Oil,oil,32.00,20.95,30,ml,https://www.hagel-shop.de/olaplex-no-7-bonding-oil-30-ml.html,2026-10-03T13:17:53.719Z,,Preferred specialist offer matches registered850045076085. No alias or formula transition; brand alternative code held.
314d9881-4fcc-47b5-81e1-58e41779081e,Garnier Wahre Schätze Conditioner Traube Hydraboost,conditioner,2.75,2.89,200,ml,https://www.douglas.de/de/p/5012008156,2026-10-03T13:15:35.896Z,,Nick approved200mlbase. Parent maps verifiedURL5012008156/SKU1274094 to correctcatalogID; source receipt mistakenly carries unrelatedUUID and remains immutable. Registered3600542656412 itself identifies200ml atdm.at; noaliasneeded.
94cf6959-a53b-421b-9f0f-05efc239171c,Wella Ultimate Repair Protective Leave-In,leave_in,18.51,19.38,95,ml,https://www.hagel-shop.de/wella-wp-ultimate-repair-leave-in-treatment-95-ml.html,2026-10-03T13:14:31.294299+00:00,4068359081183,"Nick approved95mlchange conditional on continuity. Wella manufacturer states new design,sameformula,now95ml; officialWellaStore confirms4068359081183. Retain140mlrecognitionalias4064666580098."
f8a63590-9d80-454a-8008-e2a56321e64c,Epres Bond Repair Treatment,bondbuilder,48.00,48,,,https://epres-hair.de/artikeldetails/CONSUMERKIT.aspx,2026-10-03T13:14:31.613829+00:00,,"Nick approved official48EURstarterkit; retainnumericpackageNULL because kit contains spraybottle+two15mlconcentrates, not150mlsoldcontent."
