"id","name","brand","previous_stored_price_eur","final_price_eur","stored_numeric_price_changed","price_checked_at","purchase_url","package_value","package_unit"
"aa349c07-1add-44d4-9161-d99190182e5c","OGX Argan weightless Öl","OGX","8.95","8.95","false","2026-10-02 13:36:01.722+00","https://www.hagel-shop.de/ogx-renewing-argan-oil-of-morocco-oil-weightless-reviving-dry-oil-118-ml.html","118","ml"
"2bafeb7e-6610-4efc-a8e8-a402071b2ed9","Curlsmith Multitasking Conditioner 3 in 1","Curlsmith","20.95","17.85","true","2026-10-02 09:01:08.256+00","https://www.hagel-shop.de/curlsmith-multi-tasking-conditioner-237ml-12128539.html","237","ml"
"8f84eae5-222d-4bbf-9ab0-f30361882a95","K18 Hair Professional Molecular Repair Hair Mist","K18","33.17","62.95","true","2026-10-02 10:02:21.039+00","https://www.look-beautiful.de/professional-molecular-repair-hair-mist-sw13531","150","ml"
"50951ef2-e16a-4a51-85c5-a709aa64c03a","Maria Nila Coils & Curls Oil in Cream","Maria Nila","31","22.50","true","2026-10-01 09:27:10.901+00","https://www.flaconi.de/haare/maria-nila/coils-and-curls/maria-nila-coils-and-curls-oil-in-cream-leave-in-treatment.html","",""
"d0180955-c3a0-4f53-8744-fbeb2c241688","Anti-Haarverlust Spülung","L'Oréal Paris","6.95","6.95","false","2026-10-01 09:27:10.901+00","https://www.dm.de/p/d/2976313/l-oreal-paris-elvital-conditioner-fiber-booster-anti-haarverlust","",""
"d2bb79a8-add1-4b74-9d4f-c03449175147","Sante Intense Hydration Conditioner","Sante","3.95","3.95","false","2026-10-01 09:27:10.901+00","https://www.dm.de/p/d/1334054/sante-naturally-conditioner-intense-hydration","",""
"d8ac8909-91a1-46b3-9fa6-2ff66b78fb66","Cantu Conditioner Cream","Cantu","6.95","6.95","false","2026-10-01 09:27:10.901+00","https://www.dm.de/p/d/1675021/cantu-conditioner-cream","",""
"e1ad37be-9330-49b4-8add-872a30324122","Jean&Len Conditioner Keratin/Mandel","Jean&Len","3.95","3.95","false","2026-10-01 09:27:10.901+00","https://www.dm.de/p/d/1551254/jean-und-len-conditioner-keratin-mandel","300","ml"
"e76e0ed4-bd20-40cd-84ae-e93030610d40","Langhaarmädchen Lovely Long","Langhaarmädchen","4.95","4.95","false","2026-10-01 09:27:10.901+00","https://www.dm.de/langhaarmaedchen-shampoo-lovely-long-p4067796002621.html","",""
"ead1333b-6839-464d-b272-673d39bb95a4","Balea Aqua Hyaluron","Balea","1.25","1.25","false","2026-10-01 09:27:10.901+00","https://www.dm.de/p/d/1675524/balea-professional-shampoo-aqua-hyaluron","",""
"eafe4cfa-f4a9-47b3-a36d-b689f1da5c7d","Balea Kopfhaut Sensitive Shampoo","Balea","1.25","1.25","false","2026-10-01 09:27:10.901+00","https://www.dm.de/p/d/1701109/balea-professional-shampoo-kopfhaut-sensitive","",""
"ed382d40-6166-4d39-be2d-eab5a24793a6","Syoss Intense Keratin Conditioner","Syoss","3.99","3.95","true","2026-10-01 09:27:10.901+00","https://www.dm.de/p/d/1666649/syoss-conditioner-intense-keratin","",""
"f033afbe-281a-419e-a245-3ad83d721bd0","Nivea Shampoo&Conditioner 2in1","Nivea","2.99","3.95","true","2026-10-01 09:36:33.748+00","https://www.dm.de/nivea-shampoo-und-conditioner-express-2in1-p4006000193991.html","",""
"f184aef4-d8f9-4956-bcd6-ba1bf1ebeace","Balea Med Anti Schuppen","Balea Med","2.65","2.45","true","2026-10-01 09:27:10.901+00","https://www.dm.de/balea-med-shampoo-anti-schuppen-ultra-sensitive-p4066447785425.html","",""
"fcbc469f-93c8-4be5-85db-e789b09189c7","Pantene Hydra Glow Shampoo","Pantene","3.49","3.95","true","2026-10-01 09:27:10.901+00","https://www.dm.de/pantene-pro-v-shampoo-miracles-hydra-glow-p8700216170345.html","",""
"ffd37427-0cb6-4d6a-8b83-ea904bf2b1d7","Monday Moisture Conditioner","Monday","5.95","5.75","true","2026-10-01 09:27:10.901+00","https://www.dm.de/p/d/1893701/monday-conditioner-moisture-feuchtigkeit","",""
"03b847e5-01b9-40e5-950a-98efc73abb3a","Salthouse Anti Fett","Salthouse","3.99","3.99","false","2026-10-01 09:27:10.901+00","https://www.rossmann.de/de/pflege-und-duft-salthouse-totes-meer-therapie-anti-fett-shampoo/p/4008890006467","",""
"1ef2be82-259c-4a1f-af2e-3ac3403f9731","Salthouse Anti Juckreiz","Salthouse","3.99","3.99","false","2026-10-01 09:27:10.901+00","https://www.rossmann.de/de/pflege-und-duft-salthouse-totes-meer-therapie-shampoo-anti-juckreiz/p/4008890006405","",""
"25931499-63ac-4076-b88c-8c23a38f0fa5","Pomélo+Co Shine Therapy Conditioner","Pomélo+Co","8.99","8.99","false","2026-10-01 09:27:10.901+00","https://www.rossmann.de/de/pflege-und-duft-pomeloco-shine-therapy-conditioner/p/4260625261989","",""
"261e5c9f-d312-4206-82da-fbd0ab6f3614","Salthouse Anti Schuppen","Salthouse","3.99","3.99","false","2026-10-01 09:27:10.901+00","https://www.rossmann.de/de/pflege-und-duft-salthouse-totes-meer-mildes-anti-schuppen-shampoo/p/4008890006429","",""
"2ecd3c9d-90f6-45a3-a72c-daefed50be10","OGX Renewing + Argan Oil of Morocco Shampoo","OGX","6.99","6.99","false","2026-10-01 09:27:10.901+00","https://www.rossmann.de/de/pflege-und-duft-ogx-renewing-argan-oil-of-morocco-shampoo/p/3574661799438","",""
"5516009a-eecb-42dd-87f6-07c560161136","Garnier Fructis Hair Food Aloe Vera Feuchtigkeits-Spülung","Garnier Fructis","3.99","3.99","false","2026-10-01 09:27:10.901+00","https://www.rossmann.de/de/pflege-und-duft-garnier-fructis-feuchtigkeits-aloe-vera-hair-food-spuelung/p/3600542398022","400","ml"
"7964b930-7e88-4f93-89d3-fa437f8e753c","Isana Professional Arganöl & Pflege Spülung","Isana","1.39","1.29","true","2026-10-01 09:27:10.901+00","https://www.rossmann.de/de/pflege-und-duft-isana-professional-spuelung-arganoel-und-pflege/p/4305615624945","",""
"7b5ec424-d21f-4eb8-999e-7aed98e94b86","Rosemary Mint Shampoo","OGX","6.99","7.99","true","2026-10-01 09:27:10.901+00","https://www.rossmann.de/de/pflege-und-duft-ogx-rosemary-mint-shampoo/p/3574661805931","",""
"8c3eda97-5009-40bb-959b-1a7d90f48b09","Garnier Wahre Schätze Kokosmilch & Macadamia Nährende Spülung","Garnier Wahre Schätze","2.49","2.49","false","2026-10-02 12:19:27.673+00","https://www.rossmann.de/de/pflege-und-duft-garnier-wahre-schaetze-spuelung-kokosmilch-und-macadamia-normales-und-trockenes-haar/p/3600542462327","200","ml"
"95e47992-b45b-4847-ba87-b8c3e608fc63","Neqi Moisture Mystery Conditioner","Neqi","9.95","8.99","true","2026-10-01 09:27:10.901+00","https://www.rossmann.de/de/pflege-und-duft-neqi-moisture-mystery-conditioner/p/4063528078315","",""
"99de5b38-3e80-4360-889c-2505f46a7243","Garnier Wahre Schätze Argan-Mandelcreme Spülung","Garnier Wahre Schätze","2.49","2.49","false","2026-10-01 09:27:10.901+00","https://www.rossmann.de/de/pflege-und-duft-garnier-wahre-schaetze-reichhaltige-creme-spuelung-argan-mandelcreme/p/3600542462594","",""
"e7bfd306-b128-4735-a9f8-0eeacdbd5013","Sebamed Every-Day Shampoo","Sebamed","3.99","3.99","false","2026-10-01 09:27:10.901+00","https://www.rossmann.de/de/pflege-und-duft-sebamed-every-day-shampoo/p/4103040051752","",""
"6dc65df2-2466-43e4-bdc2-3a05803f305c","Monday Haircare Volume Kraft & Fülle Shampoo","Monday Haircare","8.95","5.40","true","2026-10-01 09:36:33.748+00","https://www.flaconi.de/haare/monday-haircare/volume/monday-haircare-volume-kraft-and-fuelle-haarshampoo.html","",""
"4f6dc4e4-d163-405d-9c68-3b2467090078","Syoss Intense Curls Haarmaske","Syoss","4.99","4.99","false","2026-10-01 09:27:10.901+00","https://www.rossmann.de/de/pflege-und-duft-syoss-haarmaske-intense-curls/p/4015100866100","",""
"82f9dcba-0422-4932-a879-c2bec0113e55","Gliss Ultimate Repair Spülung","Gliss","2.99","2.99","false","2026-10-01 09:27:10.901+00","https://www.rossmann.de/de/pflege-und-duft-gliss-ultimate-repair-spuelung/p/4015100812237","",""
"bbfd8b03-d219-48bb-9ab3-b7c14bcae3dd","Leave-In Moisturizing Mist","Neqi","12.99","11.95","true","2026-10-01 09:27:10.901+00","https://www.rossmann.de/de/pflege-und-duft-neqi-leave-in-mist/p/4063528103222","",""
"05753f93-907f-427d-a4dc-0a690ff3a76d","Tiefenreinigungs-Shampoo","Gliss","5.95","5.95","false","2026-10-01 09:27:10.901+00","https://www.dm.de/p/d/3119217/schwarzkopf-gliss-shampoo-scalp-balance-tiefenreinigung","",""
"375ee7a0-3262-4b99-8e48-4f327c6e09aa","Shampoo Tiefenreinigung","Balea","1.25","1.25","false","2026-10-01 09:27:10.901+00","https://www.dm.de/p/d/1536339/balea-professional-shampoo-tiefenreinigung","",""
"898a5a1e-1cf1-4812-8f9e-f14563a740ca","Tiefenreinigung Shampoo","Swiss-O-Par","2.45","2.45","false","2026-10-01 09:27:10.901+00","https://www.dm.de/p/d/2555198/swiss-o-par-shampoo-tiefenreinigung","",""
"07895098-a301-4137-b5c6-9061589b1800","Deep Cleansing Shampoo","NEQI","12.99","11.95","true","2026-10-01 09:27:10.901+00","https://www.rossmann.de/de/pflege-und-duft-neqi-deep-cleansing-shampoo/p/4063528103192","",""
"ae0e9d21-1e16-4c03-9792-773dbdc2fd18","Professional Shampoo Tiefenreinigung","ISANA","1.29","1.29","false","2026-10-01 09:27:10.901+00","https://www.rossmann.de/de/pflege-und-duft-isana-professional-shampoo-tiefenreinigung/p/4068134135490","",""
"35d2cc66-6d5a-49c1-9a9f-c03bf6942ab0","Kopfhautpflege Serum Sensitive","Balea","2.95","2.95","false","2026-10-01 09:27:10.901+00","https://www.dm.de/p/d/1459196/balea-professional-kopfhautpflege-serum-sensitive","",""
"3f3542c0-e82b-4306-a9e0-85df313a78cf","Anti-Haarverlust Serum","L'Oréal Paris","13.95","13.95","false","2026-10-01 09:27:10.901+00","https://www.dm.de/p/d/2976343/l-oreal-paris-elvital-haarserum-fiber-booster-anti-haarverlust","",""
"945ecca3-c4f0-4426-9af5-a5a8482b3b27","Klärendes Serum","Gliss","8.95","8.95","false","2026-10-01 09:27:10.901+00","https://www.dm.de/p/d/3119228/schwarzkopf-gliss-haarserum-scalp-balance-klaerend","",""
"c9b231ee-77b5-45b7-8127-7a85d3ae7dd0","Kopfhaut-Feuchtigkeitspflege Leave-In Serum","Head & Shoulders","5.95","5.95","false","2026-10-02 13:22:47.792+00","https://www.dm.de/p/d/2482723/head-und-shoulders-leave-in-serum-derma-x-pro-kopfhaut-feuchtigkeitspflege","145","ml"
"cd76afea-d332-4b1d-b44b-7de5bef9034f","Kopfhautberuhigendes Intensiv-Tonikum","Eucerin","16.95","16.95","false","2026-10-01 09:27:10.901+00","https://www.dm.de/p/d/3086968/eucerin-eucerin-dermo-capillaire-5-prozent-urea-kopfhautberuhigendes-intensiv-tonikum","",""
"e51cfce0-fd76-4873-a868-cc3ca0301cbc","Kopfhautpflege Peeling Tiefenreinigung","Balea","2.95","2.95","false","2026-10-01 09:27:10.901+00","https://www.dm.de/p/d/1700670/balea-professional-kopfhautpflege-peeling-tiefenreinigung","",""
"2544de60-e295-47ec-98a1-6b4ca58ce4be","Kopfhautpeeling Tiefenreinigung","Isana","2.99","2.99","false","2026-10-01 09:27:10.901+00","https://www.rossmann.de/de/pflege-und-duft-isana-professional-kopfhautpeeling-tiefenreinigung/p/4068134100023","",""
"71302fae-decd-4b10-80ea-148d5998e2fa","Defeat the Heat Hitzeschutzspray","L'Oréal Paris","4.95","4.95","false","2026-10-01 09:27:10.901+00","https://www.dm.de/p/d/1571140/l-oreal-paris-elvital-hitzeschutzspray-dream-length-langes-und-glattes-haar","",""
"f8c47bf8-a075-4568-a9ab-aa336b7ae50a","Hitzeschutzspray","Schwarzkopf taft","3.95","3.95","false","2026-10-01 09:27:10.901+00","https://www.dm.de/p/d/1681631/schwarzkopf-taft-hitzeschutzspray-taft-x-gliss-lovely-long","",""
