"id","name","brand","status","research_bucket","current_price_eur","current_price_checked_at","stored_purchase_url","reported_evidence_url","review_note"
"26985fdd-1b41-46e3-9c9a-94b98f92310a","Nivea Volumen & Kraft","Nivea","pending_research","no_reliable_match_or_price","2.25","","https://www.dm.de/nivea-conditioner-volumen-und-kraft-p4005900918031.html","","Der gespeicherte dm-Produktlink war nicht abrufbar, und die Suche fand keine passende dm-Produktdetailseite mit aktuellem Preis oder Online-Verfügbarkeit. Die exakte Produktidentität (EAN 4005900918031, 200 ml) ließ sich bestätigen, aber gefundene Preisangebote waren nicht von einem deutschen Händler und erlauben daher keine verlässliche Angabe des aktuellen deutschen Einzelhandelspreises."
"05e68c32-f096-457f-8b88-5cd3c0934873","Jean&Len Repair Keratin & Mandel","Jean&Len","pending_research","reported_unavailable","6.95","2026-06-10 00:00:00+00","https://www.dm.de/jean-und-len-haaroel-repair-keratin-und-mandel-p4262401733253.html","https://www.dm.de/p/d/1455746/jean-und-len-haaroel-repair-keratin-und-mandel","dm lists the exact GTIN 4262401733253 at 5.95 EUR. The page says “Nicht lieferbar” and “Paketversand für das Produkt nicht möglich,” so it is not currently available to buy online."
"22d41784-5fc6-40bb-a4dc-92841322f933","Neqi Peptide Power","Neqi","pending_research","reported_unavailable","9.99","2026-06-10 00:00:00+00","https://www.dm.de/neqi-haarkur-treatment-treasures-peptide-power-p4063528086297.html","https://www.dm.de/p/d/2973205/neqi-haarkur-treatment-treasures-peptide-power","dm lists the current price as €5.95 and confirms GTIN 4063528086297. The page says “Nicht lieferbar,” so it is not currently online-buyable."
"3ce9a9da-4d58-4a66-a424-f8818960b5dc","Schaebens Argan-Öl Haarmaske","Schaebens","pending_research","reported_unavailable","1.49","2026-06-10 00:00:00+00","https://www.dm.de/schaebens-haarmaske-arganoel-p4003573025018.html","https://www.dm.de/p/d/1688048/schaebens-haarmaske-arganoel","dm-Seite bestätigt die GTIN 4003573025018 und zeigt den regulären Preis von 1,45 €. Die Seite meldet „Nicht lieferbar“."
"41e09958-5a1f-4997-b99b-f8384b7a8c0c","Trockenshampoo Kopfhaut Sensitive","Balea","pending_research","reported_unavailable","1.95","2026-06-10 00:00:00+00","https://www.dm.de/balea-trockenshampoo-kopfhaut-sensitive-p4066447438789.html","https://www.dm.de/p/d/1711758/balea-trockenshampoo-kopfhaut-sensitive","dm nennt 1,95 € als Dauerpreis. Die Produktseite weist GTIN 4066447438789 aus; sie meldet aktuell „Momentan nicht lieferbar“, daher ist das Produkt dort derzeit nicht online kaufbar."
"55727898-2a5e-4f01-ace1-bd91521d98ab","Balea Aqua Hyaluron 3 in 1","Balea Aqua","pending_research","reported_unavailable","2.75","2026-06-10 00:00:00+00","https://www.dm.de/balea-professional-haarmaske-3in1-aqua-hyaluron-p4066447668315.html","https://www.dm.de/p/d/1417521/balea-professional-haarmaske-3in1-aqua-hyaluron","dm product page confirms GTIN 4066447668315 and lists the regular price as 2.75 EUR. The page says “Nicht lieferbar,” so it is not currently online-buyable."
"786a1396-914e-4739-a32c-1c3ead39a3d1","Trockenshampoo Original","Batiste","pending_research","reported_unavailable","3.75","2026-06-10 00:00:00+00","https://www.dm.de/batiste-trockenshampoo-original-p5010724527481.html","https://www.dm.de/p/d/1551780/batiste-trockenshampoo-original","dm product page confirms GTIN 5010724527481 and lists the regular price as 3.75 EUR. The page says “Momentan nicht lieferbar,” so it is not currently available to buy online."
"a72d630d-547a-465f-9846-3006b38af0a2","Garnier Hair Food Macadamia","Garnier","pending_research","reported_unavailable","5.95","2026-06-10 00:00:00+00","https://www.dm.de/garnier-fructis-haarkur-macadamia-hair-food-3in1-maske-p3600542511612.html","https://www.dm.de/p/d/1676326/garnier-fructis-haarkur-macadamia-hair-food-3in1-maske","dm-Seite bestätigt GTIN 3600542511612 und den regulären Preis von 5,95 €. Das Produkt ist online derzeit als „Nicht lieferbar“ gekennzeichnet."
"bc6ab308-7b6e-4d72-92aa-313a43c9c77d","Neqi Build Boost","Neqi","pending_research","reported_unavailable","9.99","2026-06-10 00:00:00+00","https://www.dm.de/p/d/2972777/neqi-haarkur-treatment-treasures-build-boost","https://www.dm.de/p/d/2972777/neqi-haarkur-treatment-treasures-build-boost","dm product page confirms GTIN 4063528086303 and lists the regular price as 9.95 EUR. The page says „Nicht lieferbar“."
"c6e80f39-20ba-401e-b041-6ee7c89a5996","Balea Aqua Hyaluron 3in1","Balea Aqua","pending_research","reported_unavailable","2.75","2026-06-10 00:00:00+00","https://www.dm.de/balea-professional-haarmaske-3in1-aqua-hyaluron-p4066447668315.html","https://www.dm.de/p/d/1417521/balea-professional-haarmaske-3in1-aqua-hyaluron","dm-Produktseite bestätigt Produkt und GTIN 4066447668315. Aktueller regulärer Preis: 2,75 €. Die Seite zeigt „Nicht lieferbar“."
"cce6346c-8c92-4a17-b39b-cc7f300e84de","Syoss Haarkur Lamination Intense Glaze","Syoss","pending_research","reported_unavailable","7.95","2026-06-10 00:00:00+00","https://www.dm.de/syoss-haarkur-lamination-intense-glaze-p4015100867213.html","https://www.dm.de/p/d/3119223/syoss-haarkur-lamination-intense-glaze","dm product page confirms GTIN 4015100867213 and lists the current price as 2.95 EUR. The page says “Nicht lieferbar,” so it is not currently available to buy online."
"ea9d38a1-25ce-4c01-868b-960cc5ee4397","Garnier Wahre Schätze Curl Revival Öl","Garnier","pending_research","reported_unavailable","6.99","2026-06-10 00:00:00+00","https://www.dm.de/wahre-schaetze-haaroel-curl-revival-elixir-p3600542624336.html","https://www.dm.de/p/d/3042328/wahre-schaetze-haaroel-curl-revival-elixir","dm product page lists the regular price as 6.95 EUR and confirms GTIN 3600542624336. The page currently says “Nicht lieferbar”."
"f212a8ff-0a03-404a-aad5-773d5bb6f7c9","Balea Natural Beauty 3in1 Locken","Balea","pending_research","reported_unavailable","2.45","2026-06-10 00:00:00+00","https://www.dm.de/p/d/1457506/balea-haarmaske-3in1-natural-beauty-locken","https://www.dm.de/p/d/1457506/balea-haarmaske-3in1-natural-beauty-locken","dm product page confirms the exact product and regular price of €2.45. It currently says “Nicht lieferbar,” so it is not online-buyable."
"0d5a4af5-d046-4378-b608-515c9d1d66ec","Redken All Soft Mega Curls Leave-In","Redken","pending_research","no_reliable_match_or_price","24.44","2026-06-10 00:00:00+00","https://www.douglas.de/de/p/5010905038","https://www.douglas.de/de/p/5010905038","Die gespeicherte Douglas-Seite bietet das Produkt online auf Lager für 25,99 € an, aber sie führt es als Hydramelt Treatment/Haarkur, nicht als das angefragte Leave-In. Daher kann ich den Preis nicht verlässlich dem exakten Produkt mit EAN 03474637135638 zuordnen."
"993f0e55-2450-4557-853d-e6e23ec0d1a9","OUAI Leave In Conditioner","OUAI","pending_research","reported_unavailable","25.25","2026-06-10 00:00:00+00","https://www.douglas.de/de/p/5002560059","https://www.sephora.de/p/leave-in-conditioner-P3282012.html","Sephora Deutschland führt die 140-ml-Größe für 25,45 € statt des ausgewiesenen Originalpreises von 31,95 €; sie ist als verfügbar und „In den Warenkorb“ gelistet. Die gespeicherte Douglas-Seite lieferte 404, daher ist sie derzeit nicht als online-kaufbar bestätigt. Der EAN ließ sich auf der Händlerseite nicht separat verifizieren."
"1568b623-f411-4ed6-a89f-e797bb1b48f5","Alterra Intensiv Repair Haarmaske Feuchtigkeit","Alterra","pending_research","no_reliable_match_or_price","2.79","2026-06-10 00:00:00+00","https://www.rossmann.de/de/pflege-und-duft-alterra-haarmaske/p/4068134014122","https://www.rossmann.de/de/pflege-und-duft-alterra-haarmaske/p/4068134014122","Rossmann-Produktdetailseite beschreibt die Alterra Intensiv Repair Haarmaske Feuchtigkeit, 20 ml, passend zum angefragten Produkt. Die Seite kennzeichnet sie als „Nur in der Filiale verfügbar“ und zeigt keinen aktuellen Preis; ein regulärer Preis lässt sich daher nicht bestätigen."
"47795618-40e7-4ef6-8034-0fd8eb747575","Isana 3in1 Milchprotein & Mandel","Isana","pending_research","no_reliable_match_or_price","0.69","2026-06-10 00:00:00+00","https://www.rossmann.de/de/pflege-und-duft-isana-isana-haarmaske-3in1-mandelmilch-milchprotein-und-mandel/p/4305615627441","https://www.rossmann.de/de/pflege-und-duft/haarpflege/haarkur/c/olcat3_4133127?info=text.product.notAvailable.error","Rossmann leitet die gespeicherte Produktseite mit dem Hinweis weiter, dass der Artikel nicht mehr im Sortiment ist. Daher ist er dort nicht online kaufbar; eine aktuelle reguläre Produktdetailseite eines zulässigen deutschen Händlers mit bestätigtem Preis konnte ich nicht finden. Der zuletzt gemeldete Preis von 0,69 € ist nicht als aktuell bestätigt."
"7a1d7fe1-3240-4d6d-9c92-96a4bcf46ea9","Gliss Aqua Revive","Gliss","pending_research","reported_unavailable","4.75","2026-06-10 00:00:00+00","https://www.rossmann.de/de/pflege-und-duft-gliss-aqua-revive-feuchtigkeit-4-in-1-bonding-haarmaske/p/4015100813555","https://www.douglas.de/de/p/m003070896","Douglas product page lists the 400 ml Aqua Revive 4-in-1 hair mask for 13.89 EUR and shows it in stock online. The stored Rossmann link redirects to a category page and says the item is no longer in its assortment."
"869abd97-a499-4f39-97e5-2722773e46ae","Sante Intense Hydration","Sante","pending_research","reported_unavailable","6.99","2026-06-10 00:00:00+00","https://www.rossmann.de/de/pflege-und-duft-sante-intense-hydration-haarmaske/p/4025089005896","https://www.ecco-verde.at/sante-naturally/intense-hydration-maske","Exact product confirmed by EAN 4055297220682; the 150 ml retail price is €6.99 and the page shows it in stock with an add-to-cart button. The stored Rossmann link redirects to a category page and says the item is no longer in its assortment."
"663acf09-7090-40d8-9411-71154b9d60f3","Shiseido Fino Premium Touch Penetrating Hair Oil Essence","Shiseido Fino","held_fino_offer","price_claim","11.00","2026-06-10 00:00:00+00","https://www.amazon.de/Fino-Premium-Touch-Penetrating-Essence/dp/B0GVFQP34X","https://www.glowup.de/products/shiseido-fino-premium-touch-penetration-essence-haarol","Held: exact stored EAN found at sold-out Otto third-party offer; no verified preferred-shop oil offer; Glow Up EAN 4901872471997 differs from stored 4550516493590. Retain current price/link until reviewed."
"c320750f-6a1e-420d-8594-409f04e05319","OGX Bond Protein Repair","OGX","pending_research","no_reliable_match_or_price","8.95","2026-06-10 00:00:00+00","https://www.amazon.de/OGX-Spr%C3%BChnebel-besch%C3%A4digtes-Technology-Dual-Action-Reparaturtechnologie/dp/B0DQLHGGYJ","https://www.amazon.de/OGX-Spr%C3%BChnebel-besch%C3%A4digtes-Technology-Dual-Action-Reparaturtechnologie/dp/B0DQLHGGYJ","Die Produktseite bestätigt den exakten GTIN 03574661818481 und das 50-ml-Produkt. Aktuell wird kein Preis angezeigt („Keine Sonderangebote verfügbar“); daher ließ sich kein aktueller regulärer Preis feststellen. Die Seite zeigt zwar einen Warenkorb-Button, aber keine verfügbare Kaufoption. (Abgerufen am 01.10.2026.)"
"94cf6959-a53b-421b-9f0f-05efc239171c","Wella Ultimate Repair Protective Leave-In","Wella Professionals","pending_research","reported_unavailable","18.51","2026-06-10 00:00:00+00","https://www.wella.com/professional/de-DE/products/haarpflege/ultimate-repair/ultimate-repair-protective-leave-in","https://www.shop-apotheke.com/beauty/upmFKXM79/wella-ultimate-repair-protective-leave-in.htm","Aktueller regulärer Produktpreis bei Shop Apotheke: 21,72 €. Produktidentität durch EAN 4064666580098 bestätigt. Die verlinkte Wella-Produktseite zeigt „Jetzt kaufen“, bietet aber selbst keinen Online-Kaufabschluss; daher buyable_at_stored_link=false."
"b916efff-8b80-47d4-82cf-d8148d1eff53","HASK Argan Oil Repairing Shine Oil","HASK","pending_research","reported_unavailable","2.95","2026-06-10 00:00:00+00","https://www.hagel-shop.de/hask-argan-oil-repairing-shine-oil-18-ml-5815315.html","https://www.hagel-shop.de/hask-argan-oil-repairing-shine-oil-18-ml-5815315.html","Die Hagel-Shop-Produktseite nennt 2,95 € inkl. MwSt. und führt den Artikel als „Momentan nicht lieferbar“. Produktname, 18-ml-Größe und EAN 71164029855 stimmen überein."
"8ef172f7-8e95-4ac7-a6a9-235ad760155b","Guhl Panthenol + Reparatur 2in1 Kur & Spülung","Guhl","pending_research","reported_unavailable","4.95","2026-06-10 00:00:00+00","https://www.mueller.de/p/guhl-panthenol-reparatur-2in1-kur-spuelung-IPN3052207/","https://produkte.globus.de/koerperpflege-gesundheit-kosmetik/haarpflege/shampoo-spuelung-kur/4072600703403/spuelung-kur-2in1-panthenol-reparatur","Exaktes Produkt und Standardgröße 200 ml auf der GLOBUS-Produktdetailseite bestätigt; regulärer Preis ab 4,99 €. Die gespeicherte Müller-Seite liefert 404, daher ist sie derzeit nicht online kaufbar."
"007a0b35-2372-4836-9aa5-fd089cd588d4","Balea Natural Beauty Hibiskus","Balea","pending_research","no_reliable_match_or_price","1.45","2026-06-11 00:00:00+00","https://www.dm.de/p/d/1625969/balea-conditioner-natural-beauty-hibiskus-extrakt-und-kokosmilch","https://www.dm.de/p/d/1625969/balea-conditioner-natural-beauty-bio-hibiskus-extrakt-und-cocosmilch","Die dm-Seite führt aktuell 1,45 € als regulären Preis und meldet „Nicht lieferbar“. Die angegebene EAN 4066447238952 stimmt nicht mit der auf der Produktseite angegebenen GTIN 4058172926181 überein; daher ist das exakte Produkt anhand der EAN nicht mit ausreichender Sicherheit bestätigt."
"01b11043-5c87-43d2-95b5-f1cabd845423","SANTE Deep Repair Conditioner","Sante","pending_research","reported_unavailable","3.95","2026-06-11 00:00:00+00","https://www.dm.de/p/d/1335946/sante-naturally-conditioner-deep-repair","https://www.dm.de/p/d/1335946/sante-naturally-conditioner-deep-repair","dm confirms GTIN 4055297220088 and lists the regular price as 4.95 EUR. The page says “Nicht lieferbar,” so it is not currently online-buyable."
"0d68d56f-7e82-41d0-a2a8-bbf8f02e0b33","Wahre Schätze Sanfte Hafermilch","Wahre Schätze","pending_research","reported_unavailable","2.29","2026-06-11 00:00:00+00","https://www.dm.de/wahre-schaetze-shampoo-sanfte-hafermilch-p3600542461658.html","https://www.dm.de/p/d/1670195/wahre-schaetze-shampoo-sanfte-hafermilch","dm product page confirms GTIN 3600542461658 and lists the regular price as 2.75 EUR. The page says “Nicht lieferbar,” so it is not currently online-buyable."
"16ebefbe-48d8-4c7f-9c81-b903651a6e03","Guhl Hyaluron+","Guhl","pending_research","reported_unavailable","3.99","2026-06-11 00:00:00+00","https://www.dm.de/guhl-shampoo-hyaluron-pflege-p4072600720219.html","https://www.dm.de/p/d/1688644/guhl-shampoo-hyaluron-pflege","dm-Produktseite bestätigt GTIN 4072600720219 und die Standardgröße 250 ml. Aktueller Preis: 3,95 €. Die Seite zeigt „Nicht lieferbar“, daher derzeit nicht online kaufbar."
"17b6d50e-ca5b-4f66-bdd7-39bd19afe748","Hask Shampoo Argan Oil","Hask","pending_research","reported_unavailable","6.95","2026-06-11 00:00:00+00","https://www.dm.de/hask-shampoo-argan-oil-p71164343166.html","https://www.dm.de/p/d/1475016/hask-shampoo-argan-oil","dm product page matches GTIN 071164343166 and lists the regular price as 6.95 EUR. The page currently says “Nicht lieferbar.”"
"1f51a69f-c946-4898-9091-2fd2c59fb467","Dejan Garz Shampoo","Dejan Garz","pending_research","reported_unavailable","9.99","2026-06-11 00:00:00+00","https://www.dm.de/dejan-garz-shampoo-the-foundation-p4270004570106.html","https://www.dm.de/p/d/3063729/dejan-garz-shampoo-the-foundation","dm-Produktdetailseite bestätigt GTIN 4270004570106 und den regulären Preis von 9,95 €. Die Seite zeigt „Momentan nicht lieferbar“."
"37c65daf-cc2e-44ba-a976-ac0239c11f7d","Hask Curl Care Conditioner","Hask","pending_research","reported_unavailable","6.95","2026-06-11 00:00:00+00","https://www.dm.de/p/d/1622385/hask-conditioner-curl-care","https://www.dm.de/p/d/1622385/hask-conditioner-curl-care","dm lists the regular price as 6.95 EUR and identifies the product by matching GTIN 071164304211. The page currently says “Nicht lieferbar.”"
"4506954b-128a-473c-866f-54a300ff23f4","Hair Biology Full & Shining Conditioner","Hair Biology","pending_research","reported_unavailable","4.99","2026-06-11 00:00:00+00","https://www.dm.de/p/d/1585350/hair-biology-conditioner-full-und-shining","https://www.dm.de/p/d/1585350/hair-biology-conditioner-full-und-shining","dm lists the exact product by matching article number 1585350 and GTIN 8001841216997 at a regular price of 4.95 EUR. The page says “Nicht lieferbar,” so it is currently not online-buyable."
"4988d0c9-fc92-4bf2-aa5c-bcc7cd8c7946","Syoss Intense Curls","Syoss","pending_research","reported_unavailable","4.99","2026-06-11 00:00:00+00","https://www.dm.de/syoss-shampoo-intense-curls-p4015100860504.html","https://www.dm.de/p/d/3047029/syoss-shampoo-intense-curls","dm listet den regulären Preis mit 4,95 €. GTIN 4015100860504 stimmt überein. Die Seite zeigt „Nicht lieferbar“."
"4c3e1a63-4696-406a-be67-f2aacc678b0c","Garnier Hair Food Macadamia","Garnier","pending_research","reported_unavailable","5.95","2026-06-11 00:00:00+00","https://www.dm.de/garnier-fructis-haarkur-macadamia-hair-food-3in1-maske-p3600542511612.html","https://www.dm.de/p/d/1676326/garnier-fructis-haarkur-macadamia-hair-food-3in1-maske","dm-Produktdetailseite nennt den regulären Preis von 5,95 €; GTIN 3600542511612 bestätigt das exakte Produkt. Die Seite zeigt „Nicht lieferbar“."
"4e9428b9-8cc9-4db2-89b1-cb272aa9a4d6","Herbal Essences Aloe Vera Conditioner","Herbal Essences","pending_research","no_reliable_match_or_price","3.95","2026-06-11 00:00:00+00","https://www.dm.de/p/d/1409620/herbal-essences-conditioner-feuchtigkeit-aloe-vera","https://www.dm.de/p/d/1409620/herbal-essences-conditioner-feuchtigkeit-aloe-vera","dm lists the product at 3.95 EUR and shows it as available for delivery, but its GTIN (8700216210546) does not match the requested GTIN (08700216211598). Exact product identity could not be established."
"678119a0-9070-4faf-b9ed-7c0ac008767e","Sante Sensitive Care","Sante","pending_research","reported_unavailable","4.99","2026-06-11 00:00:00+00","https://www.dm.de/sante-naturkosmetik-shampoo-sensitive-care-p4055297221467.html","https://www.rossmann.de/de/pflege-und-duft-sante-sensitive-care-shampoo/p/4055297221467","Exaktes Produkt anhand der EAN 4055297221467 bestätigt. Rossmann listet 3,99 € als Artikelpreis und zeigt Online-Lieferung an. Der gespeicherte dm-Link liefert 404; dort ist das Produkt online nicht kaufbar."
"6fde3fe2-3850-4502-b9f2-ebb17eb13bad","Pantene Pro-V Volumen Pur","Pantene","pending_research","reported_unavailable","4.99","2026-06-11 00:00:00+00","https://www.dm.de/pantene-pro-v-shampoo-volumen-pur-p8700216885768.html","https://www.dm.de/p/d/3058599/pantene-pro-v-shampoo-volumen-pur","dm product page confirms the product and GTIN 8700216885768. Current regular price is €2.75; the page says “Nicht lieferbar.”"
"71d9bccb-74c7-499c-b5de-13ceef57ecde","Pantene Pro-V Miracles Bond Repair Conditioner","Pantene","pending_research","reported_unavailable","5.95","2026-06-11 00:00:00+00","https://www.dm.de/p/d/1336165/pantene-pro-v-conditioner-miracles-bond-repair","https://www.dm.de/p/d/1336165/pantene-pro-v-conditioner-miracles-bond-repair","dm-Produktseite nennt 5,95 € und bestätigt die GTIN 8700216151535 sowie Artikelnummer 1336165. Online aktuell als „Nicht lieferbar“ gekennzeichnet."
"79ce764e-7acf-48ba-b0be-c6d977a81cd0","Alverde Conditioner Glanz","Alverde","pending_research","no_reliable_match_or_price","1.35","2026-06-11 00:00:00+00","https://www.dm.de/p/d/1714048/alverde-naturkosmetik-conditioner-glanz-rosenbluetenwasser-und-pflanzlichem-protein","https://www.dm.de/p/d/1714048/alverde-naturkosmetik-conditioner-glanz","dm lists the product at 1.25 EUR and says it is not deliverable online. However, the page’s GTIN is 4066447919202, which does not match the supplied EAN 04066447592085, so the exact product could not be confirmed."
"a06cfc4d-c4f5-457e-a94e-26559f96f0e9","Hair Biology Revitalize & Soothe","Hair Biology","pending_research","reported_unavailable","4.99","2026-06-11 00:00:00+00","https://www.dm.de/p/d/1588828/hair-biology-shampoo-revitalize-und-soothe","https://www.dm.de/p/d/1588828/hair-biology-shampoo-revitalize-und-soothe","dm-Produktseite bestätigt GTIN 8006540153963. Aktueller regulärer Preis: 4,95 €. Die Seite zeigt „Nicht lieferbar“."
"a62ae91c-69c6-466e-827e-350f518d73b5","Syoss Intense Curls Conditioner","Syoss","pending_research","reported_unavailable","3.99","2026-06-11 00:00:00+00","https://www.dm.de/p/d/1666690/syoss-conditioner-intense-curls","https://www.dm.de/p/d/3047028/syoss-conditioner-intense-curls","dm product details show GTIN 4015100860887, matching the supplied EAN with leading zero omitted. Current listed price is €2.95; the page says “Momentan nicht lieferbar,” so it is not online-buyable. The stored link appears outdated; the matching current dm product page uses article number 3047028."
"b4bcb392-22a7-4642-bcdf-1949ca959f67","Hask Argan Oil Repairing Conditioner","Hask","pending_research","reported_unavailable","6.95","2026-06-11 00:00:00+00","https://www.dm.de/p/d/1475001/hask-conditioner-repairing-argan-oil","https://www.dm.de/p/d/1475001/hask-conditioner-repairing-argan-oil","dm lists the regular price as 6.95 EUR and shows “Nicht lieferbar.” The product page GTIN 071164343265 matches the provided EAN 00071164343265."
"bef4f219-2c1f-4e02-8e3a-93056b95465a","Keratin Oil Shampoo","OGX","pending_research","reported_unavailable","5.99","2026-06-11 00:00:00+00","https://www.dm.de/ogx-shampoo-strenght-und-lenght-keratin-oil-p3574661798448.html","https://www.dm.de/p/d/1443762/ogx-shampoo-strenght-und-lenght-keratin-oil","dm product page confirms GTIN 3574661798448 and 385 ml. Current regular price is 6.95 EUR; page says “Nicht lieferbar,” so it is not currently online-buyable."
"c07a181b-3d55-4d47-ad68-9c1e324d4496","Hask Curl Care Shampoo","Hask","pending_research","reported_unavailable","6.95","2026-06-11 00:00:00+00","https://www.dm.de/hask-shampoo-curl-care-p71164304112.html","https://www.dm.de/p/d/1622384/hask-shampoo-curl-care","dm product page confirms the exact GTIN (071164304112; same digits as 00071164304112) and lists the regular price as €6.95. The page says “Nicht lieferbar,” so it is not currently available to buy online."
"d01de47e-e360-4b31-9924-e3e5bc31ccdc","Balea Professional Ultimate Volume","Balea","pending_research","reported_unavailable","1.25","2026-06-11 00:00:00+00","https://www.dm.de/balea-professional-shampoo-ultimate-volume-p4067796075021.html","https://www.dm.de/p/d/1703262/balea-professional-shampoo-ultimate-volume","dm product page confirms GTIN 4067796075021 and lists the regular price as 1.25 EUR. The page says “Momentan nicht lieferbar,” so it is not currently available to buy online."
"e7cde77e-e9d5-4976-a8ed-830c8a30c62a","Balea Professional Oil Repair Intensiv Spülung","Balea","pending_research","no_reliable_match_or_price","1.25","2026-06-11 00:00:00+00","https://www.dm.de/balea-professional-spuelung-oil-repair-intensiv-p4066447365443.html","https://www.dm.de/p/d/1703916/balea-professional-conditioner-oil-repair-intensiv","The current dm page lists €1.25 and says the product is available for delivery, but its GTIN is 4070765001402, not the requested 4066447365443. The stored link returns 404, so I can’t confirm the exact product’s current price or whether that stored page is online-buyable."
"64fb44d5-8701-46ab-bcba-f1747f071e48","Neqi Volume Victory","Neqi","pending_research","no_reliable_match_or_price","9.95","2026-06-11 00:00:00+00","https://www.rossmann.de/de/pflege-und-duft-neqi-volume-victory-shampoo/p/4063528078377","https://www.rossmann.de/de/pflege-und-duft-neqi-volume-victory-shampoo/p/4063528078377","Der Rossmann-Link leitet zur Kategorie weiter und meldet, dass der Artikel nicht mehr im Sortiment ist. Daher ist er dort aktuell nicht online kaufbar; ein aktueller regulärer Preis für das exakte Produkt ließ sich nicht bestätigen."
"952a4834-e451-4dc3-ba19-ebb8927eb5e4","Neqi Volume Victory Conditioner","Neqi","pending_research","reported_unavailable","9.95","2026-06-11 00:00:00+00","https://www.rossmann.de/de/pflege-und-duft-neqi-nq-volume-victory-conditioner-250ml/p/4063528078407","https://neqi-hair.com/products/volume-victory-conditioner","The brand’s product page lists the 250 ml conditioner for €9.95 and offers an add-to-cart option. The stored Rossmann link redirects to a category page stating the item is no longer in its assortment. The brand page confirms the product and size, but does not display the EAN."
"d408aca9-cd16-4cb0-90e7-bab26a698000","Head & Shoulders DERMAXPRO Haarshampoo Sensitive Pflege","Head & Shoulders","pending_research","reported_unavailable","4.99","2026-06-11 00:00:00+00","https://www.rossmann.de/de/pflege-und-duft-head-und-shoulders-dermaxpro-haarshampoo-sensitive-pflege/p/8700216496032","https://www.rossmann.de/de/pflege-und-duft-head-und-shoulders-dermaxpro-haarshampoo-sensitive-pflege/p/8700216496032","Rossmann product page lists the regular price as 4.49 EUR. The page identifies the requested product and shows “Online momentan nicht verfügbar,” so it is not currently online-buyable at the stored link."
"9f8da740-87b6-45e0-ab86-d77d63f2e22b","Guhl Bond+ Reparatur Spülung","Guhl","pending_research","no_reliable_match_or_price","5.99","2026-06-11 00:00:00+00","https://www.amazon.de/Guhl-BOND-REPARATUR-Sp%C3%BClung-Rotalgenextrakt/dp/B0CWJHVKV5","https://www.amazon.de/Guhl-BOND-REPARATUR-Sp%C3%BClung-Rotalgenextrakt/dp/B0CWJHVKV5","Die Produktidentität ist durch die Guhl-Produktseite bestätigt (200 ml), aber für den gespeicherten Amazon-Link ließ sich kein aktueller Preis oder Online-Kaufstatus feststellen. Die gefundene Rusta-Seite zeigt 1,99 € als Aktionspreis und nur Filialverfügbarkeit, daher erfüllt sie die Preisvorgaben nicht."
"11d42d9d-b8d8-42ae-a432-9a3d0f9d3504","Guhl Panthenol + Reparatur 2in1 Kur & Spülung","Guhl","pending_research","reported_unavailable","4.95","2026-06-11 00:00:00+00","https://www.mueller.de/p/guhl-panthenol-reparatur-2in1-kur-spuelung-IPN3052207/","https://www.hagel-shop.de/guhl-panthenol-reparatur-2-in-1-kur-spulung-200-ml.html","Der aktuelle reguläre Preis bei HAGEL beträgt 4,99 €; Produktseite nennt EAN 4072600703403 und Lieferzeit 1–3 Werktage. Die gespeicherte Müller-Seite liefert 404 und bietet dort aktuell keinen Onlinekauf."
"17c50884-3c17-479a-848a-10447464e086","Garnier Wahre Schätze Haarmaske Aktivkohle","Garnier Wahre Schätze","pending_research","reported_unavailable","4.95","2026-06-27 14:38:36.157+00","https://www.dm.de/p/d/1679241/wahre-schaetze-haarkur-1-minute-aktivkohle-fettige-kopfhaut","https://www.dm.de/p/d/1679241/wahre-schaetze-haarkur-1-minute-aktivkohle-fettige-kopfhaut","dm listet den regulären Preis mit 4,95 €. Die Seite bestätigt die GTIN 3600542510271 und zeigt „Nicht lieferbar“."
"efaff579-e411-41eb-972a-2734a8517356","Hitzeschutzspray Schutzengel","got2b","pending_research","no_reliable_match_or_price","4.95","2026-08-09 09:23:08+00","https://www.dm.de/p/d/1267310/got2b-hitzeschutzspray-schutzengel","https://www.dm.de/p/d/1267310/got2b-hitzeschutzspray-schutzengel","dm listet 4,95 € und zeigt das Produkt als lieferbar. Die Seite nennt jedoch GTIN 4015100894141, die von der angefragten GTIN 4015100800128 abweicht; daher ist der Preis für den exakten Artikel nicht bestätigt."
"f66f2f93-a1f2-43fb-8647-48d49cdae7d3","Hitzeschutzspray Ultralight","Balea","pending_research","reported_unavailable","2.95","2026-08-09 09:23:08+00","https://www.dm.de/p/d/3101587/balea-hitzeschutzspray-ultralight","https://www.dm.de/p/d/3101587/balea-hitzeschutzspray-ultralight","Produkt und GTIN stimmen mit den angegebenen Daten überein. Die dm-Produktseite nennt 2,95 € als Preis und zeigt „Momentan nicht lieferbar“."
