id,name,category_key,old_price_eur,price_eur,price_changed,affiliate_link,net_content_value,net_content_unit,price_checked_at,source_file,source_timestamp_precision
38dace91-0fba-49ee-a93f-ac36e488fe4b,K18 Leave-In Molecular Repair Hair Mask,bondbuilder,56.25,56.25,False,https://www.flaconi.de/haare/k18/leave-in-molecular/k18-leave-in-molecular-repair-hair-mask-haarkur.html?variant=80074805-50,50,ml,2026-10-03 11:41:00+00,approved-source-high-end-browser.json,minute
3dc24d67-e6c0-4239-a273-058a87d13553,OLAPLEX No.3PLUS Complete Repair Treatment,bondbuilder,34.00,34.00,False,https://olaplex.de/products/original-olaplex-n-3plus-complete-repair-treatment,100,ml,2026-10-03 11:38:33.78236+00,approved-source-specialist-summary.json,time
d0180955-c3a0-4f53-8744-fbeb2c241688,Anti-Haarverlust Spülung,conditioner,6.95,6.95,False,https://www.dm.de/p/d/2976313/l-oreal-paris-elvital-conditioner-fiber-booster-anti-haarverlust,150.0,ml,2026-10-03 11:36:07.006+00,approved-source-dm-search.json,time
ee4aab21-5696-4286-aad1-7811b997dd30,Aussie Conditioner Bouncy Curls,conditioner,4.95,4.95,False,https://www.dm.de/p/d/3135994/aussie-conditioner-bouncy-curls,200,ml,2026-10-03 11:36:07.01+00,approved-source-dm-search.json,time
483b41d6-632c-4efe-9bcc-488c80bf5bb7,Balea Med Ultra Sensitive Conditioner,conditioner,1.75,1.75,False,https://www.dm.de/p/d/1587731/balea-med-conditioner-ultra-sensitive,250.0,ml,2026-10-03 11:36:07.01+00,approved-source-dm-search.json,time
63239c38-5633-4062-9e8d-d528ee71502a,Bali Curls Moisturising Conditioner,conditioner,8.95,8.95,False,https://www.dm.de/p/d/3070316/bali-curls-conditioner-moisturising,250,ml,2026-10-03 11:36:07.01+00,approved-source-dm-search.json,time
8182ee3f-cfe9-4a31-8b2f-a6a52c7e7abe,Bali Curls Moisturising Conditioner 75 ml,conditioner,3.75,3.95,True,https://www.mueller.de/p/bali-curls-moisturising-conditioner-reisegroesse-75ml-PPN3184965/,75,ml,2026-10-03 11:38:33.78262+00,approved-source-specialist-summary.json,time
109acbf6-51c5-42fc-8982-7a55b5ad2200,Being Bye Bye Frizz Conditioner,conditioner,6.79,6.75,True,https://www.dm.de/p/d/3118441/being-conditioner-bye-bye-frizz,354,ml,2026-10-03 11:36:07.603+00,approved-source-dm-search.json,time
cfeab4b2-fdd6-4348-bf2b-aca58e686869,Being Curl Power Locken Conditioner,conditioner,6.79,6.79,False,https://www.rossmann.de/de/pflege-und-duft-being-curl-power-locken-conditioner/p/4895248005940,354,ml,2026-10-03 11:36:58.753+00,approved-source-rossmann-browser.json,window_start
d8ac8909-91a1-46b3-9fa6-2ff66b78fb66,Cantu Conditioner Cream,conditioner,6.95,6.95,False,https://www.dm.de/p/d/1675021/cantu-conditioner-cream,400.0,ml,2026-10-03 11:36:07.632+00,approved-source-dm-search.json,time
3901b2cf-6888-4363-9d5b-a695c0b3170b,Dejan Garz The Foundation Conditioner,conditioner,9.95,9.95,False,https://www.dm.de/p/d/3063725/dejan-garz-conditioner-the-foundation,300.0,ml,2026-10-03 11:40:46.108+00,approved-source-dm-browser-residual.json,time
262de7f7-71d1-4a60-a5f4-1a91debdbf12,Garnier Fructis Conditioner Locken Methode Feuchtigkeit,conditioner,3.95,3.95,False,https://www.dm.de/p/d/3115735/garnier-fructis-conditioner-locken-methode-feuchtigkeit,200,ml,2026-10-03 11:36:07.673+00,approved-source-dm-search.json,time
5516009a-eecb-42dd-87f6-07c560161136,Garnier Fructis Hair Food Aloe Vera Feuchtigkeits-Spülung,conditioner,3.99,3.99,False,https://www.rossmann.de/de/pflege-und-duft-garnier-fructis-feuchtigkeits-aloe-vera-hair-food-spuelung/p/3600542398022,400,ml,2026-10-03 11:36:58.753+00,approved-source-rossmann-browser.json,window_start
99de5b38-3e80-4360-889c-2505f46a7243,Garnier Wahre Schätze Argan-Mandelcreme Spülung,conditioner,2.49,2.49,False,https://www.rossmann.de/de/pflege-und-duft-garnier-wahre-schaetze-reichhaltige-creme-spuelung-argan-mandelcreme/p/3600542462594,200,ml,2026-10-03 11:36:58.753+00,approved-source-rossmann-browser.json,window_start
8c3eda97-5009-40bb-959b-1a7d90f48b09,Garnier Wahre Schätze Kokosmilch & Macadamia Nährende Spülung,conditioner,2.49,2.49,False,https://www.rossmann.de/de/pflege-und-duft-garnier-wahre-schaetze-spuelung-kokosmilch-und-macadamia-normales-und-trockenes-haar/p/3600542462327,200,ml,2026-10-03 11:36:58.753+00,approved-source-rossmann-browser.json,window_start
02113cc7-80c4-45a5-a56b-738ac96f4f02,Gliss Kur Aqua Revive Conditioner,conditioner,2.95,2.95,False,https://www.dm.de/p/d/1430767/schwarzkopf-gliss-conditioner-aqua-revive,200.0,ml,2026-10-03 11:36:08.061+00,approved-source-dm-search.json,time
82f9dcba-0422-4932-a879-c2bec0113e55,Gliss Ultimate Repair Spülung,conditioner,2.99,2.99,False,https://www.rossmann.de/de/pflege-und-duft-gliss-ultimate-repair-spuelung/p/4015100812237,200,ml,2026-10-03 11:36:58.753+00,approved-source-rossmann-browser.json,window_start
b4bcb392-22a7-4642-bcdf-1949ca959f67,Hask Argan Oil Repairing Conditioner,conditioner,6.95,7.95,True,https://www.hagel-shop.de/hask-argan-oil-repairing-conditioner-355-ml-5815313.html,355,ml,2026-10-03 11:38:33.783048+00,approved-source-specialist-summary.json,time
37c65daf-cc2e-44ba-a976-ac0239c11f7d,Hask Curl Care Conditioner,conditioner,6.95,7.95,True,https://www.hagel-shop.de/hask-curl-care-detangling-conditioner-355-ml.html,355,ml,2026-10-03 11:38:33.956092+00,approved-source-specialist-summary.json,time
57848cf2-6113-4aa4-af9f-2f980ccc5850,Herbal Essences Conditioner Fiji mit Kokosnussextrakt,conditioner,3.95,3.95,False,https://www.dm.de/p/d/3131494/herbal-essences-conditioner-fiji-mit-kokosnussextrakt,250,ml,2026-10-03 11:36:08.099+00,approved-source-dm-search.json,time
240c4e9d-d417-42ce-b8b6-d1cc005eed26,"Herbal Essences Conditioner Limettenduft, Tiefenreinigung & Glanz",conditioner,3.95,3.95,False,https://www.dm.de/p/d/3115709/herbal-essences-conditioner-limettenduft-tiefenreinigung-und-glanz,250,ml,2026-10-03 11:36:08.117+00,approved-source-dm-search.json,time
4c9bde95-3594-4ce7-bb02-29394ab7ed08,ISANA PROFESSIONAL Plex Spülung,conditioner,1.99,1.99,False,https://www.rossmann.de/de/pflege-und-duft-isana-professional-professional-pley-spuelung-250ml/p/4305615975924,250,ml,2026-10-03 11:36:58.753+00,approved-source-rossmann-browser.json,window_start
d6cde507-1c34-4dea-8239-abd097d50818,ISANA PROFESSIONAL Spülung Keratin & Repair,conditioner,1.29,1.29,False,https://www.rossmann.de/de/pflege-und-duft-isana-professional-isana-professional-spuelung-keratin-und-repair/p/4305615830957,200,ml,2026-10-03 11:36:58.753+00,approved-source-rossmann-browser.json,window_start
90e10088-8226-4e07-b197-3eab6b61d7a2,ISANA PROFESSIONAL Spülung Locken Traum,conditioner,1.29,1.29,False,https://www.rossmann.de/de/pflege-und-duft-isana-professional-professional-spuelung-locken-traum-200-ml-l/p/4305615846958,200,ml,2026-10-03 11:36:58.753+00,approved-source-rossmann-browser.json,window_start
d81e8069-82aa-4ac4-a719-4614640a45df,ISANA Spülung Feuchtigkeit,conditioner,0.65,0.65,False,https://www.rossmann.de/de/pflege-und-duft-isana-spuelung-feuchtigkeit/p/4068134071149,300,ml,2026-10-03 11:36:58.753+00,approved-source-rossmann-browser.json,window_start
0585c8b1-159b-43d3-8432-a91b9973c7b6,ISANA Spülung Oil Repair Marulaöl,conditioner,0.65,0.65,False,https://www.rossmann.de/de/pflege-und-duft-isana-spuelung-oil-repair-marulaoel/p/4068134071125,300,ml,2026-10-03 11:36:58.753+00,approved-source-rossmann-browser.json,window_start
2be1a34f-5c80-4b14-a0f5-b56bebe861a8,ISANA Spülung Seidenglanz,conditioner,0.65,0.65,False,https://www.rossmann.de/de/pflege-und-duft-isana-spuelung-seidenglanz/p/4305615566207,300,ml,2026-10-03 11:36:58.753+00,approved-source-rossmann-browser.json,window_start
7964b930-7e88-4f93-89d3-fa437f8e753c,Isana Professional Arganöl & Pflege Spülung,conditioner,1.29,1.29,False,https://www.rossmann.de/de/pflege-und-duft-isana-professional-spuelung-arganoel-und-pflege/p/4305615624945,200,ml,2026-10-03 11:36:58.753+00,approved-source-rossmann-browser.json,window_start
4f67cb6d-4b28-490b-9817-e8fc8e91b010,Jean&Len Colorglow Granatapfel Rose Conditioner,conditioner,4.29,3.95,True,https://www.dm.de/p/d/3086487/jean-und-len-conditioner-colorglow-granatapfel-rose,300.0,ml,2026-10-03 11:36:08.164+00,approved-source-dm-search.json,time
fd1792c0-8f8c-40b0-960d-27ac21470bb8,Jean&Len Conditioner Hydration Pfirsich Chia,conditioner,3.95,3.95,False,https://www.dm.de/p/d/3100946/jean-und-len-conditioner-hydration-pfirsich-chia,300,ml,2026-10-03 11:36:08.55+00,approved-source-dm-search.json,time
e1ad37be-9330-49b4-8add-872a30324122,Jean&Len Conditioner Keratin/Mandel,conditioner,3.95,3.95,False,https://www.dm.de/p/d/1551254/jean-und-len-conditioner-repair-keratin-mandel,300,ml,2026-10-03 11:36:08.564+00,approved-source-dm-search.json,time
62ff4f08-3ff2-49f3-9e93-e6fd0f395a4d,John Frieda Frizz Ease Wunder-Reparatur Conditioner,conditioner,9.99,9.95,True,https://www.dm.de/p/d/3123413/john-frieda-conditioner-frizz-ease-wunder-reparatur,250.0,ml,2026-10-03 11:36:08.566+00,approved-source-dm-search.json,time
169be6d1-bd8c-4902-ba1d-3db349cb4854,John Frieda Go Blonder Conditioner,conditioner,14.39,17.99,True,https://www.rossmann.de/de/pflege-und-duft-john-frieda-go-blonder-go-blonder-conditioner/p/5037156296204,500,ml,2026-10-03 11:36:58.753+00,approved-source-rossmann-browser.json,window_start
f069970e-12fb-48c6-ac8e-51f50dc46c31,"L'Oréal Paris Elvital Conditioner Hydra Hyaluronic, feuchtigkeitsversiegelnd",conditioner,3.45,3.45,False,https://www.dm.de/p/d/3044952/l-oreal-paris-elvital-conditioner-hydra-hyaluronic-feuchtigkeitsversiegelnd,200,ml,2026-10-03 11:36:08.572+00,approved-source-dm-search.json,time
cd00a357-413f-41f4-aa68-2e451661f1dd,Langhaarmädchen Conditioner Intense Repair,conditioner,4.95,4.95,False,https://www.dm.de/p/d/1539684/langhaarmaedchen-conditioner-intense-repair,250,ml,2026-10-03 11:36:09.009+00,approved-source-dm-search.json,time
2a159694-6799-4be7-a0aa-572757c94801,Langhaarmädchen Lovely Long Conditioner,conditioner,4.95,4.95,False,https://www.dm.de/p/d/1559585/langhaarmaedchen-conditioner-lovely-long,250.0,ml,2026-10-03 11:36:09.017+00,approved-source-dm-search.json,time
ffd37427-0cb6-4d6a-8b83-ea904bf2b1d7,Monday Moisture Conditioner,conditioner,5.75,5.75,False,https://www.dm.de/p/d/1893701/monday-conditioner-moisture-feuchtigkeit,354.0,ml,2026-10-03 11:36:09.032+00,approved-source-dm-search.json,time
5f4f1300-bc15-4ce0-9ed8-035feb606bde,Neqi Diamond Glass Conditioner,conditioner,12.95,12.95,False,https://www.dm.de/p/d/3101240/neqi-conditioner-diamond-glass,250.0,ml,2026-10-03 11:36:09.035+00,approved-source-dm-search.json,time
95e47992-b45b-4847-ba87-b8c3e608fc63,Neqi Moisture Mystery Conditioner,conditioner,8.99,9.95,True,https://www.dm.de/p/d/1455201/neqi-conditioner-moisture-mystery,250.0,ml,2026-10-03 11:36:09.452+00,approved-source-dm-search.json,time
35ae622e-1458-42bf-a44d-1b23ecfd5516,Neqi Repair Reveal Conditioner,conditioner,9.95,9.95,False,https://www.dm.de/p/d/1455210/neqi-conditioner-repair-reveal,250.0,ml,2026-10-03 11:36:09.48+00,approved-source-dm-search.json,time
952a4834-e451-4dc3-ba19-ebb8927eb5e4,Neqi Volume Victory Conditioner,conditioner,9.95,9.95,False,https://neqi-hair.com/products/volume-victory-conditioner,250,ml,2026-10-03 11:38:34.035508+00,approved-source-specialist-summary.json,time
f042a36c-88d5-41ae-87fe-a816ea608bc6,Nivea Hairmilk Shine Glanzspülung,conditioner,2.49,2.99,True,https://www.rossmann.de/de/pflege-und-duft-nivea-hairmilk-shine-glanzspuelung/p/4006000192673,200,ml,2026-10-03 11:36:58.753+00,approved-source-rossmann-browser.json,window_start
215522e5-95a6-469f-bc34-1fa74b311a23,Nivea Power Repair Conditioner,conditioner,2.95,2.95,False,https://www.dm.de/p/d/1620990/nivea-conditioner-power-repair,200.0,ml,2026-10-03 11:36:09.523+00,approved-source-dm-search.json,time
4fca59e5-fbc4-4132-a821-dac6ff0cdb68,OGX Biotin & Collagen Conditioner,conditioner,6.95,6.95,False,https://www.dm.de/p/d/1443632/ogx-conditioner-thick-und-full-biotin-und-collagen,385.0,ml,2026-10-03 11:36:09.527+00,approved-source-dm-search.json,time
1bfa5b02-26d9-457b-a5e6-445cc2284490,OGX Bond Protein Repair Conditioner,conditioner,6.95,6.95,False,https://www.dm.de/p/d/3068101/ogx-conditioner-bond-protein-repair,385.0,ml,2026-10-03 11:36:09.88+00,approved-source-dm-search.json,time
8686e8b6-3b9b-4770-b0f0-c8d9f5eb3a59,OGX Conditioner Coconut Miracle Oil,conditioner,6.95,6.95,False,https://www.dm.de/p/d/2201293/ogx-conditioner-coconut-miracle-oil,385,ml,2026-10-03 11:36:09.904+00,approved-source-dm-search.json,time
c2d7eb89-9a2e-4476-bb89-c0f33a2aa501,OGX Renewing Argan Oil of Morocco Conditioner,conditioner,6.95,6.95,False,https://www.dm.de/p/d/1442294/ogx-conditioner-renewing-argan-oil-of-marocco,385.0,ml,2026-10-03 11:36:09.909+00,approved-source-dm-search.json,time
f7144789-8302-42b1-a5b1-e761402c1b7c,Pantene Pro-V Conditioner Grow Abundant,conditioner,7.95,7.99,True,https://www.rossmann.de/de/pflege-und-duft-pantene-pro-v-grow-abundant-anti-haarverlust-spuelung/p/8006530059299,250,ml,2026-10-03 11:36:58.753+00,approved-source-rossmann-browser.json,window_start
2781bccb-4a3f-4ffe-aa2f-f32f7b820c03,Pantene Pro-V Conditioner Repair & Care,conditioner,3.95,3.95,False,https://www.dm.de/p/d/1554190/pantene-pro-v-conditioner-repair-und-care,200,ml,2026-10-03 11:36:09.962+00,approved-source-dm-search.json,time
71d9bccb-74c7-499c-b5de-13ceef57ecde,Pantene Pro-V Miracles Bond Repair Conditioner,conditioner,5.95,5.95,False,https://www.mueller.de/p/pantene-pro-v-miracles-molecular-bond-repair-pflegespuelung-IPN2964988/,160,ml,2026-10-03 11:38:34.115599+00,approved-source-specialist-summary.json,time
98d08c22-97d2-4e06-872f-9f9447530452,Pantene Pro-V Miracles Hydra Glow Conditioner,conditioner,3.95,3.95,False,https://www.dm.de/p/d/1647565/pantene-pro-v-conditioner-miracles-hydra-glow,160.0,ml,2026-10-03 11:36:10.337+00,approved-source-dm-search.json,time
931892fb-cc29-4e50-b402-6aae0a494389,Pantene Pro-V Moisture Boost Pflegespülung,conditioner,8.95,8.95,False,https://www.mueller.de/p/pantene-pro-v-moisture-boost-pflegespuelung-PPN3150289/,200,ml,2026-10-03 11:38:34.190991+00,approved-source-specialist-summary.json,time
970aff48-a7a7-46e8-bad5-4f0600631329,Pomélo+Co Molecular Repair Conditioner,conditioner,9.95,9.95,False,https://www.dm.de/p/d/2971600/pomelo-co-conditioner-molecular-repair,200.0,ml,2026-10-03 11:36:10.34+00,approved-source-dm-search.json,time
25931499-63ac-4076-b88c-8c23a38f0fa5,Pomélo+Co Shine Therapy Conditioner,conditioner,8.99,9.95,True,https://www.dm.de/p/d/3110568/pomelo-co-conditioner-shine-therapy,200.0,ml,2026-10-03 11:36:10.375+00,approved-source-dm-search.json,time
01b11043-5c87-43d2-95b5-f1cabd845423,SANTE Deep Repair Conditioner,conditioner,3.95,3.95,False,https://www.mueller.de/p/sante-deep-repair-conditioner-IPN2994111/,150,ml,2026-10-03 11:38:34.213335+00,approved-source-specialist-summary.json,time
d2bb79a8-add1-4b74-9d4f-c03449175147,Sante Intense Hydration Conditioner,conditioner,3.95,3.95,False,https://www.dm.de/p/d/1334054/sante-naturally-conditioner-intense-hydration,150.0,ml,2026-10-03 11:36:10.379+00,approved-source-dm-search.json,time
7fb31d10-ff21-410b-9dc2-2d1ad34b9130,Schwarzkopf GLISS Liquid Silk Spülung,conditioner,2.99,2.95,True,https://www.dm.de/p/d/1430911/schwarzkopf-gliss-conditioner-liquid-silk,200.0,ml,2026-10-03 11:36:10.818+00,approved-source-dm-search.json,time
1adb5c17-fca0-4967-a199-756d500b0104,Schwarzkopf Gliss Conditioner Total Repair,conditioner,2.95,2.95,False,https://www.dm.de/p/d/1430910/schwarzkopf-gliss-conditioner-total-repair,200,ml,2026-10-03 11:36:10.821+00,approved-source-dm-search.json,time
a62ae91c-69c6-466e-827e-350f518d73b5,Syoss Intense Curls Conditioner,conditioner,3.99,3.99,False,https://www.rossmann.de/de/pflege-und-duft-syoss-tiefenspuelung-intense-curls/p/4015100860887,250,ml,2026-10-03 11:36:58.753+00,approved-source-rossmann-browser.json,window_start
ed382d40-6166-4d39-be2d-eab5a24793a6,Syoss Intense Keratin Conditioner,conditioner,3.95,3.95,False,https://www.dm.de/p/d/3047026/syoss-conditioner-intense-keratin,250.0,ml,2026-10-03 11:36:10.827+00,approved-source-dm-search.json,time
9f1ee875-95a2-4ab0-8bc5-23d1f12bd6f9,Syoss Tiefenspülung Intense Repair,conditioner,3.49,3.95,True,https://www.dm.de/p/d/3047027/syoss-conditioner-intense-repair,250,ml,2026-10-03 11:36:10.859+00,approved-source-dm-search.json,time
07058418-0a6a-4fda-89a2-4c263f09c5c9,alverde NATURKOSMETIK Conditioner Feuchtigkeit,conditioner,1.25,1.25,False,https://www.dm.de/p/d/1704296/alverde-naturkosmetik-conditioner-feuchtigkeit,200,ml,2026-10-03 11:36:11.32+00,approved-source-dm-search.json,time
838884a1-5586-4c7f-9294-7c9606a4ef1d,alverde NATURKOSMETIK Conditioner Nutri Care,conditioner,1.25,1.25,False,https://www.dm.de/p/d/3114892/alverde-naturkosmetik-conditioner-nutri-care,200,ml,2026-10-03 11:36:11.326+00,approved-source-dm-search.json,time
07895098-a301-4137-b5c6-9061589b1800,Deep Cleansing Shampoo,deep_cleansing_shampoo,11.95,12.99,True,https://www.rossmann.de/de/pflege-und-duft-neqi-deep-cleansing-shampoo/p/4063528103192,330,ml,2026-10-03 11:40:03.088+00,approved-source-rossmann-browser.json,time
ae0e9d21-1e16-4c03-9792-773dbdc2fd18,Professional Shampoo Tiefenreinigung,deep_cleansing_shampoo,1.29,1.29,False,https://www.rossmann.de/de/pflege-und-duft-isana-professional-shampoo-tiefenreinigung/p/4068134135490,250,ml,2026-10-03 11:36:58.753+00,approved-source-rossmann-browser.json,window_start
375ee7a0-3262-4b99-8e48-4f327c6e09aa,Shampoo Tiefenreinigung,deep_cleansing_shampoo,1.25,1.25,False,https://www.dm.de/p/d/1536339/balea-professional-shampoo-tiefenreinigung,250.0,ml,2026-10-03 11:36:11.329+00,approved-source-dm-search.json,time
898a5a1e-1cf1-4812-8f9e-f14563a740ca,Tiefenreinigung Shampoo,deep_cleansing_shampoo,2.45,2.45,False,https://www.dm.de/p/d/2555198/swiss-o-par-shampoo-tiefenreinigung,250.0,ml,2026-10-03 11:36:11.351+00,approved-source-dm-search.json,time
05753f93-907f-427d-a4dc-0a690ff3a76d,Tiefenreinigungs-Shampoo,deep_cleansing_shampoo,5.95,5.95,False,https://www.dm.de/p/d/3119217/schwarzkopf-gliss-shampoo-scalp-balance-tiefenreinigung,200.0,ml,2026-10-03 11:36:11.781+00,approved-source-dm-search.json,time
ff309c8a-ecd5-415c-9016-1b726c9fb3a4,Trockenshampoo Blond,dry_shampoo,3.95,3.95,False,https://www.dm.de/p/d/1435894/batiste-trockenshampoo-blond,200.0,ml,2026-10-03 11:36:11.787+00,approved-source-dm-search.json,time
d28643c8-c340-4514-826a-6c1ac8419fe9,Trockenshampoo Bruenett,dry_shampoo,3.95,3.99,True,https://www.rossmann.de/de/pflege-und-duft-batiste-trockenshampoo-bruenette-farbauffrischend-keine-weissen-rueckstaende-200-ml-online-kaufen/p/5010724527474,200,ml,2026-10-03 11:36:58.753+00,approved-source-rossmann-browser.json,window_start
2b2161a2-6c09-435f-adbb-49da44d434ae,Trockenshampoo Extra Volumen,dry_shampoo,3.99,3.95,True,https://www.dm.de/p/d/1685672/got2b-trockenshampoo-extra-volumen,200.0,ml,2026-10-03 11:36:11.813+00,approved-source-dm-search.json,time
b5b595d2-9ba3-4c99-8f99-b2b79d29eb56,Trockenshampoo Jedes Haar,dry_shampoo,1.99,1.99,False,https://www.rossmann.de/de/pflege-und-duft-isana-trockenshampoo-jedes-haar-langanhaltende-frische-und-volumen-anti-fett-formel-200-ml-online-kaufen/p/4305615554532,200,ml,2026-10-03 11:36:58.753+00,approved-source-rossmann-browser.json,window_start
dc8b8d4a-8ca9-452c-8d04-03b785b63275,Trockenshampoo Liquid to Dry,dry_shampoo,3.95,3.95,False,https://www.dm.de/p/d/2476987/got2b-trockenshampoo-liquid-to-dry,150.0,ml,2026-10-03 11:36:11.818+00,approved-source-dm-search.json,time
786a1396-914e-4739-a32c-1c3ead39a3d1,Trockenshampoo Original,dry_shampoo,3.75,3.75,False,https://www.dm.de/p/d/1551780/batiste-trockenshampoo-original,200.0,ml,2026-10-03 11:36:12.241+00,approved-source-dm-search.json,time
57ec7a8e-aa1b-4260-81d6-7ec3dbc899b8,Trockenshampoo Sensible Kopfhaut,dry_shampoo,3.95,3.95,False,https://www.dm.de/p/d/2476792/batiste-trockenshampoo-sensible-kopfhaut,200.0,ml,2026-10-03 11:36:12.248+00,approved-source-dm-search.json,time
6a1116a0-731f-46bb-9dd6-a0db89de5a13,Trockenshampoo dunkel,dry_shampoo,3.95,3.95,False,https://www.dm.de/p/d/1435905/batiste-trockenshampoo-dunkel,200.0,ml,2026-10-03 11:36:12.26+00,approved-source-dm-search.json,time
71302fae-decd-4b10-80ea-148d5998e2fa,Defeat the Heat Hitzeschutzspray,heat_protectant,4.95,4.95,False,https://www.dm.de/p/d/1571140/l-oreal-paris-elvital-hitzeschutzspray-dream-length-langes-und-glattes-haar,150.0,ml,2026-10-03 11:36:12.269+00,approved-source-dm-search.json,time
f8c47bf8-a075-4568-a9ab-aa336b7ae50a,Hitzeschutzspray,heat_protectant,3.95,3.95,False,https://www.dm.de/p/d/1681631/schwarzkopf-taft-hitzeschutzspray-taft-x-gliss-lovely-long,150.0,ml,2026-10-03 11:36:12.705+00,approved-source-dm-search.json,time
f66f2f93-a1f2-43fb-8647-48d49cdae7d3,Hitzeschutzspray Ultralight,heat_protectant,2.95,2.95,False,https://www.dm.de/p/d/3101587/balea-hitzeschutzspray-ultralight,200.0,ml,2026-10-03 11:36:12.714+00,approved-source-dm-search.json,time
1b8f56b9-b186-4bed-a65c-f582ac0e9453,Hitzeschutzspray beat the heat,heat_protectant,3.99,3.99,False,https://www.jeanlen.de/hitzeschutzspray-beat-the-heat,100,ml,2026-10-03 11:38:34.512948+00,approved-source-specialist-summary.json,time
cb228f9d-4e46-4302-9a6f-92c393eda1bd,Hydra Protect Hitzeschutzspray,heat_protectant,3.95,3.99,True,https://www.rossmann.de/de/pflege-und-duft-taft-hitzeschutz-spray-aloe-boost/p/4015100893403,150,ml,2026-10-03 11:36:58.753+00,approved-source-rossmann-browser.json,window_start
ba326dab-99d8-4b82-a1c5-de9aee2578a4,"AUSSIE SOS Leave-In Haarserum 100 Hours Hydration, 160 ml",leave_in,8.95,8.95,False,https://www.dm.de/p/d/3135991/aussie-leave-in-haarserum-100-hours-hydration,160.0,ml,2026-10-03 11:36:12.729+00,approved-source-dm-search.json,time
380fec2b-6ecd-499d-987e-d273ad3085b1,"Afrolocke Leave-In Haarkur, für lockiges Haar",leave_in,16.95,16.95,False,https://www.dm.de/p/d/1573037/afrolocke-leave-in-haarkur-fuer-lockiges-haar,250,ml,2026-10-03 11:40:47.778+00,approved-source-dm-browser-residual.json,time
9b664b11-fd11-47e3-9b7e-76e34736b43e,Alcina Hyaluron 2.0,leave_in,14.90,12.60,True,https://www.number-one.de/Alcina-Hyaluron-20-Spray-125-ml,125,ml,2026-10-03 11:38:34.545777+00,approved-source-specialist-summary.json,time
43cb9fbf-4b04-4554-a86a-7cb168536233,Authentic Beauty Concept Hydrate Spray,leave_in,38.60,38.60,False,https://www.hagel-shop.de/authentic-beauty-concept-hydrate-spray-conditioner-250-ml.html,250,ml,2026-10-03 11:38:34.553739+00,approved-source-specialist-summary.json,time
76f3611b-2dda-4a90-bd3c-c9b1577ec5aa,Balea Professional Leave-In Haarmaske Molecular Care,leave_in,2.95,2.95,False,https://www.dm.de/p/d/3106685/balea-professional-leave-in-haarmaske-molecular-care,50,ml,2026-10-03 11:38:55.129+00,approved-source-dm-search-residual.json,time
2a8ae385-17c9-440b-ab89-87fe1e6350a4,Balea Professional Leave-In Serum Plex Care,leave_in,2.75,2.75,False,https://www.dm.de/p/d/1674699/balea-professional-leave-in-serum-plex-care,50,ml,2026-10-03 11:36:13.164+00,approved-source-dm-search.json,time
694c4568-9235-4893-ab54-96a75b3c4f27,Bali Curls Bonding Repair Leave-In Cream N°3,leave_in,13.90,9.95,True,https://www.dm.de/p/d/3120011/bali-curls-leave-in-cream-bonding-repair,150.0,ml,2026-10-03 11:36:13.187+00,approved-source-dm-search.json,time
3175b0a5-1be7-430f-b3d9-22ab3b4c11d2,Being Major Moisture Leave-In Conditioner,leave_in,6.79,7.95,True,https://www.hagel-shop.de/being-major-moisture-feuchtigkeit-leave-in-conditioner-354-ml-12133576.html,354,ml,2026-10-03 11:38:34.769873+00,approved-source-specialist-summary.json,time
e3c4b607-8f81-462c-8a2b-e45c8b3a2976,Cantu Leave-In Repair Cream,leave_in,6.95,6.95,False,https://www.dm.de/p/d/1685686/cantu-leave-in-haarkur-repair-creme,453.0,g,2026-10-03 11:36:13.625+00,approved-source-dm-search.json,time
11a099f7-eabe-4bdb-bfd3-995f35cb6ee4,Color WOW Money Mist,leave_in,31.99,35.20,True,https://www.cocooncenter.de/color-wow-money-mist-spray/115987.html,150,ml,2026-10-03 11:38:34.877258+00,approved-source-specialist-summary.json,time
648ba537-5180-440e-81ad-2b310b447d87,Curlsmith Hydrate & Plump Leave-In,leave_in,21.00,17.85,True,https://www.hagel-shop.de/curlsmith-hydrate-plump-leave-in-237-ml-12135900.html,237,ml,2026-10-03 11:38:34.982408+00,approved-source-specialist-summary.json,time
2bafeb7e-6610-4efc-a8e8-a402071b2ed9,Curlsmith Multitasking Conditioner 3 in 1,leave_in,17.85,17.85,False,https://www.hagel-shop.de/curlsmith-multi-tasking-conditioner-237ml-12128539.html,237,ml,2026-10-03 11:38:35.416974+00,approved-source-specialist-summary.json,time
8715f0f5-9104-46ec-b450-e73f1441c1fa,Curlsmith Weightless Air Dry Cream,leave_in,21.00,21.00,False,https://eu.curlsmith.com/products/weightless-air-dry-cream,237,ml,2026-10-03 11:38:35.437907+00,approved-source-specialist-summary.json,time
b89a5ced-700a-4cdb-be89-c85c212e4eca,Dejan Garz Leave-In Cream The Foundation,leave_in,9.95,9.95,False,https://www.dm.de/p/d/3063678/dejan-garz-leave-in-cream-the-foundation,100,ml,2026-10-03 11:36:13.651+00,approved-source-dm-search.json,time
bf3c797d-680f-44b4-8826-b5c45cf045ae,Dejan Garz Leave-In Serum The Foundation,leave_in,9.95,9.95,False,https://www.dm.de/p/d/3062977/dejan-garz-leave-in-serum-the-foundation,100,ml,2026-10-03 11:36:13.656+00,approved-source-dm-search.json,time
b139d4e8-6f26-4096-a1b9-d9efcb02d2ec,EVO Day of Grace Leave-In,leave_in,28.00,24.92,True,https://www.hagel-shop.de/evo-day-of-grace-pre-style-primer-200-ml-5826168.html,200,ml,2026-10-03 11:38:35.589981+00,approved-source-specialist-summary.json,time
42b9eba7-d0e3-4d02-ae2b-7a1612a561fe,EVO Happy Campers,leave_in,24.92,24.92,False,https://www.hagel-shop.de/evo-happy-campers-wearable-treatment-200-ml-5826170.html,200,ml,2026-10-03 11:38:35.655264+00,approved-source-specialist-summary.json,time
118ebae1-b7a9-4a89-a2ff-6c31df28c4dc,EVO Head Mistress,leave_in,24.92,30.00,True,https://www.beautykaufen.de/products/evo-cuticle-sealer,150,ml,2026-10-03 11:38:35.809603+00,approved-source-specialist-summary.json,time
a9fc4fb5-0152-40dd-9a01-6ecf0155709f,Garnier Fructis Leave-In Creme Aloe Air Dry,leave_in,5.95,5.95,False,https://www.dm.de/p/d/1538389/garnier-fructis-leave-in-creme-aloe-air-dry,400,ml,2026-10-03 11:38:56.097+00,approved-source-dm-search-residual.json,time
b3ddfac2-ae06-42dd-9caf-822a2941c6f2,Garnier Fructis Leave-In Creme Locken Methode Air Dry,leave_in,5.95,5.95,False,https://www.dm.de/p/d/3115736/garnier-fructis-leave-in-creme-locken-methode-air-dry,260,ml,2026-10-03 11:36:14.12+00,approved-source-dm-search.json,time
0307c903-84f9-46b4-8f1f-a51c2b1f38ff,Garnier Hair Food Aloe Vera,leave_in,5.95,5.95,False,https://www.dm.de/p/d/1676340/garnier-fructis-haarmaske-aloe-vera-hair-food-3in1-trockenes-haar,400.0,ml,2026-10-03 11:36:14.121+00,approved-source-dm-search.json,time
5dc2fae3-a0ca-4e6c-9c30-02dd192772f0,Gliss Ultimate Repair Sprüh-Conditioner,leave_in,4.99,4.95,True,https://www.dm.de/p/d/1430908/schwarzkopf-gliss-sprueh-conditioner-express-repair-ultimate-repair,200.0,ml,2026-10-03 11:36:14.143+00,approved-source-dm-search.json,time
5a9f4b7b-69d9-4e9a-8bbd-2dfbae9a5df3,HASK Keratin 5-in-1 Spray,leave_in,7.95,9.95,True,https://www.beautykaufen.de/products/keratin-smoothing-leave-in-spray,175,ml,2026-10-03 11:38:35.872146+00,approved-source-specialist-summary.json,time
a8abcd37-f0cc-4b31-91d9-7ec786a6abde,Herbal Essences Leave-In Spray Blütensanft Rosenduft,leave_in,5.95,5.95,False,https://www.dm.de/p/d/3045328/herbal-essences-leave-in-spray-bluetensanft-rosenduft,145,ml,2026-10-03 11:36:14.593+00,approved-source-dm-search.json,time
958c37a5-7581-4b3a-9fcb-9d086238316e,Herbal Essences Leave-In Spray Kamille,leave_in,5.95,5.95,False,https://www.dm.de/p/d/3045337/herbal-essences-leave-in-spray-kamille,145,ml,2026-10-03 11:36:14.64+00,approved-source-dm-search.json,time
0b21f996-bb42-4b10-89bd-4881c4346d53,ISANA PROFESSIONAL Leave-In Conditioner Hyaluron & Panthenol,leave_in,2.49,2.49,False,https://www.rossmann.de/de/pflege-und-duft-isana-professional-leave-in-conditioner-hyaluron-und-panthenol-feuchtigkeitsspendend-silikonfrei-trockenes-haar/p/4305615946733,100,ml,2026-10-03 11:36:58.753+00,approved-source-rossmann-browser.json,window_start
696401be-16b5-4261-836f-28b57c1ecd59,It’s a 10 Miracle Leave-In,leave_in,44.00,40.48,True,https://www.hagel-shop.de/it-s-a-10-miracle-leave-in-product-295-7-ml.html,295.7,ml,2026-10-03 11:38:36.225247+00,approved-source-specialist-summary.json,time
7d65ed50-898c-40c3-8865-ebe5688774c8,It’s a 10 Miracle Leave-In Lite,leave_in,23.00,21.16,True,https://www.hagel-shop.de/it-s-a-10-miracle-leave-in-conditioner-lite-120-ml.html,120,ml,2026-10-03 11:38:36.247989+00,approved-source-specialist-summary.json,time
67d95443-490d-47fb-876e-8d9eecf015ae,Jean&Len Leave-In Haarmaske Peptide Intense Repair,leave_in,5.25,5.25,False,https://www.dm.de/p/d/3086348/jean-und-len-leave-in-haarmaske-peptide-intense-repair,100,ml,2026-10-03 11:40:49.342+00,approved-source-dm-browser-residual.json,time
8f84eae5-222d-4bbf-9ab0-f30361882a95,K18 Hair Professional Molecular Repair Hair Mist,leave_in,62.95,62.95,False,https://www.look-beautiful.de/professional-molecular-repair-hair-mist-sw13531,150,ml,2026-10-03 11:38:36.269757+00,approved-source-specialist-summary.json,time
4c4980b7-99e0-4225-90fb-d55082a1f264,L'Oréal Paris Elvital Leave-In Haarkur Hydra Hyaluron Aufpolsterndes Feuchtigkeitsserum,leave_in,6.99,6.95,True,https://www.dm.de/p/d/1633046/l-oreal-paris-elvital-haarserum-hydra-hyaluronic-feuchtigkeitsspendend,150,ml,2026-10-03 11:36:15.07+00,approved-source-dm-search.json,time
0c80efd5-0462-46fa-ad15-2c736f5ef269,"L'Oréal Paris Elvital Leave-In Haarserum Bond Repair, Anti-Haarschäden",leave_in,9.95,9.95,False,https://www.dm.de/p/d/1679221/l-oreal-paris-elvital-leave-in-haarserum-bond-repair-anti-haarschaeden,150,ml,2026-10-03 11:36:15.077+00,approved-source-dm-search.json,time
0ba22032-a5b1-4a0a-a8a2-b49861d00fb8,L'Oréal Paris Elvital Leave-In Serum Glycolic Gloss,leave_in,9.95,9.95,False,https://www.dm.de/p/d/1343857/l-oreal-paris-elvital-leave-in-serum-glycolic-gloss,150,ml,2026-10-03 11:36:15.094+00,approved-source-dm-search.json,time
bbfd8b03-d219-48bb-9ab3-b7c14bcae3dd,Leave-In Moisturizing Mist,leave_in,11.95,12.95,True,https://www.hagel-shop.de/neqi-x-tbp-leave-in-mist-180-ml.html,180,ml,2026-10-03 11:38:36.363316+00,approved-source-specialist-summary.json,time
0756a919-5fab-4b6c-a5da-8cb810869b6f,Living Proof Restore Repair Leave-In,leave_in,27.99,30.00,True,https://www.cosmeterie.de/living-proof/restore-repair-leave-in,118,ml,2026-10-03 11:38:36.437744+00,approved-source-specialist-summary.json,time
50951ef2-e16a-4a51-85c5-a709aa64c03a,Maria Nila Coils & Curls Oil in Cream,leave_in,22.50,22.30,True,https://mapeja.de/maria-nila-c-s-coils-curls-oil-in-cream-100ml/,100,ml,2026-10-03 11:38:36.466612+00,approved-source-specialist-summary.json,time
6b01025d-9e72-4514-b42e-bbb6065fbe1c,Midnight Serum,leave_in,7.95,7.95,False,https://www.dm.de/p/d/1333706/l-oreal-paris-elvital-haarserum-oel-magique-midnight-serum,100.0,ml,2026-10-03 11:36:15.574+00,approved-source-dm-search.json,time
7a3d1d99-2ff4-49b9-b021-d5ec2bdb0fe6,Moroccanoil All In One Leave In Conditioner,leave_in,16.00,12.80,True,https://www.douglas.de/de/p/5011481841,50,ml,2026-10-03 11:42:39.224+00,approved-source-high-end-browser.json,time
9f94c225-61ec-455d-b303-f39e885e222a,Neqi Build Boost Leave-In Balm,leave_in,9.95,9.95,False,https://neqi-hair.com/products/build-boost-balm?variant=52259787538778,75,ml,2026-10-03 11:38:36.64623+00,approved-source-specialist-summary.json,time
42a2fe20-bd7e-49a3-a880-8ae89015a5c9,Neqi Diamond Glass Ultimate Styling Spray,leave_in,12.95,12.95,False,https://www.dm.de/p/d/3080142/neqi-leave-in-spray-diamond-glass-ultimate,180,ml,2026-10-03 11:36:15.581+00,approved-source-dm-search.json,time
e6896862-523b-42b3-967d-41cbd16acf64,Neqi Moisture Mystery,leave_in,9.95,9.95,False,https://www.dm.de/p/d/1455206/neqi-leave-in-creme-moisture-mystery,200.0,ml,2026-10-03 11:38:57.415+00,approved-source-dm-search-residual.json,time
4827c174-92e9-4121-ab70-843d5c037ad0,Olaplex No.5 Leave-In,leave_in,34.00,24.95,True,https://www.number-one.de/Olaplex-No5-Moisturize-Mend-Leave-In-Conditioner-100-ml,100,ml,2026-10-03 11:38:36.803358+00,approved-source-specialist-summary.json,time
4e99706a-2232-4ee6-ba1b-9ca1029a7364,Olaplex No.6 Bond Smoother,leave_in,32.00,32.00,False,https://olaplex.de/products/olaplex-no-6-bond-smoother,100,ml,2026-10-03 11:38:36.80893+00,approved-source-specialist-summary.json,time
35a372b6-c7ef-45cb-be0b-99cef476f247,Pantene Bonding Leave-In,leave_in,9.95,9.95,False,https://www.dm.de/p/d/3057700/pantene-pro-v-miracles-molecular-bond-repair-wunder-haarcreme-leave-in,90,ml,2026-10-03 11:36:16.025+00,approved-source-dm-search.json,time
e781ca9e-886d-40a1-bfe1-48177cfbf381,Pantene Pro-V Leave-In Moisture Boost HEAT&GLOW,leave_in,8.95,8.95,False,https://www.dm.de/p/d/3088304/pantene-pro-v-leave-in-moisture-boost-heat-und-glow,135.0,ml,2026-10-03 11:36:16.029+00,approved-source-dm-search.json,time
f8f3b51d-8e64-487d-bad5-4a47c58862ed,Pantene Pro-V Miracles 7in1 Haaröl Spray,leave_in,8.99,8.99,False,https://www.rossmann.de/de/pflege-und-duft-pantene-pro-v-miracles-schwereloses-7in1-haaroel-spray/p/8700216178402,145,ml,2026-10-03 11:36:58.753+00,approved-source-rossmann-browser.json,window_start
915aa362-6479-41f2-bb59-0260493b3d58,Paul Mitchell Full Circle Leave-In,leave_in,26.45,26.45,False,https://www.hagel-shop.de/paul-mitchell-full-circle-leave-in-cream-150-ml.html,150,ml,2026-10-03 11:38:37.091859+00,approved-source-specialist-summary.json,time
404fb3e4-04c4-4089-8120-8c3e92300a3a,Plantur 39 Leave-In Sprühkur,leave_in,6.95,6.95,False,https://www.dm.de/p/d/1257393/plantur-39-leave-in-spruehkur,125,ml,2026-10-03 11:36:16.046+00,approved-source-dm-search.json,time
a3b21686-fe35-46f1-b560-b8a563dc96ae,Redken Acidic Color Gloss Leave-In,leave_in,26.99,34.95,True,https://www.bellaffair.de/redken-acidic-color-gloss-leave-in-spray,190,ml,2026-10-03 11:38:37.214284+00,approved-source-specialist-summary.json,time
0d5a4af5-d046-4378-b608-515c9d1d66ec,Redken All Soft Mega Curls Leave-In,leave_in,24.44,27.62,True,https://ellashaarshop.de/collections/leave-in-pflege/products/redken-all-soft-mega-curls-hydramelt-treatment,150,ml,2026-10-03 11:38:37.248811+00,approved-source-specialist-summary.json,time
2b7db7e3-2058-4178-8a03-7d05f4a1d447,Redken Extreme Anti-Snap,leave_in,25.99,26.10,True,https://www.hagel-shop.de/redken-extreme-anti-snap-250-ml-5814965.html,250,ml,2026-10-03 11:38:37.650632+00,approved-source-specialist-summary.json,time
39ec1b2d-4aa0-4c4e-b581-9b6d5efea530,Redken One United,leave_in,21.99,26.00,True,https://www.number-one.de/Redken-One-United-Multi-Benefit-Treatment-150-ml,150,ml,2026-10-03 11:38:37.846684+00,approved-source-specialist-summary.json,time
d840b368-3416-4104-9ccb-0e5a656a4929,Schwarzkopf Gliss Haarkur Night Elixier Ultimate Repair,leave_in,7.45,7.45,False,https://www.dm.de/p/d/1681632/schwarzkopf-gliss-haarkur-night-elixier-ultimate-repair,100,ml,2026-10-03 11:40:50.898+00,approved-source-dm-browser-residual.json,time
a67c4125-2195-4cb6-a6d0-8bcd495a74d4,Schwarzkopf Gliss Sprüh-Conditioner Express-Repair Total Repair,leave_in,4.95,4.95,False,https://www.dm.de/p/d/1430766/schwarzkopf-gliss-sprueh-conditioner-express-repair-total-repair,200,ml,2026-10-03 11:36:16.479+00,approved-source-dm-search.json,time
45f4fe15-c439-476d-8a86-3b2aac5053bd,Urban Alchemy Repair & Revive Leave-In Spray,leave_in,22.90,22.90,False,https://urban-alchemy.com/products/repair-revive-leave-in-spray-150-ml,150,ml,2026-10-03 11:38:37.884407+00,approved-source-specialist-summary.json,time
d2936db6-6865-4375-8060-95995b96b804,Wahre Schätze Haarserum Honig reparierend,leave_in,6.95,6.95,False,https://www.dm.de/p/d/1324799/wahre-schaetze-haarserum-honig-reparierend,115,ml,2026-10-03 11:36:16.514+00,approved-source-dm-search.json,time
dc9f6662-b51b-4011-91ae-494c2d254f11,Wahre Schätze Leave-In Haarkur Avocado,leave_in,2.95,2.95,False,https://www.dm.de/p/d/2976366/wahre-schaetze-leave-in-haarkur-avocado,200,ml,2026-10-03 11:40:52.468+00,approved-source-dm-browser-residual.json,time
f9595d2c-d86d-4bdb-9758-c98d1e213f3c,alverde Leave-In Sprühkur Express 7in1,leave_in,2.75,2.75,False,https://www.dm.de/p/d/3090444/alverde-naturkosmetik-leave-in-spruehkur-7in1-express,75.0,ml,2026-10-03 11:36:16.916+00,approved-source-dm-search.json,time
d70fdc25-2cdc-4b8a-b005-c4c719d88c33,alverde NATURKOSMETIK Haarserum Nutri-Care,leave_in,2.75,2.75,False,https://www.dm.de/p/d/3106844/alverde-naturkosmetik-haarserum-nutri-care,75,ml,2026-10-03 11:36:16.959+00,approved-source-dm-search.json,time
d5d67009-7aac-4299-938b-7218b8635a0c,Balea 3 in 1 Intensivmaske,mask,1.95,1.95,False,https://www.dm.de/p/d/1671219/balea-haarmaske-intensivpflege-3in1,300.0,ml,2026-10-03 11:36:17.312+00,approved-source-dm-search.json,time
e75b6978-d9ca-4601-b40a-8eb8cc974b45,Balea Haarkur Feuchtigkeit,mask,0.55,0.55,False,https://www.dm.de/p/d/1679500/balea-haarkur-feuchtigkeit,25,ml,2026-10-03 11:36:17.339+00,approved-source-dm-search.json,time
29fc985e-3b7e-4567-b7bc-b416583139fe,Balea Haarkur reparierend,mask,2.45,2.45,False,https://www.dm.de/p/d/1674120/balea-haarkur-reparierend-beauty-essentials,300.0,ml,2026-10-03 11:36:17.367+00,approved-source-dm-search.json,time
9d7141bf-bb7e-41e8-a206-38ee5c42fdc6,Balea Professional Plex Care 2in1,mask,2.75,2.75,False,https://www.dm.de/p/d/1690411/balea-professional-haarmaske-2in1-plex-care,250.0,ml,2026-10-03 11:36:17.381+00,approved-source-dm-search.json,time
d0e4bc78-2aeb-4e88-8abf-08aa28fbfba4,Bali Curls Deep Repair Mask,mask,8.95,8.95,False,https://www.dm.de/p/d/3106327/bali-curls-haarmaske-deep-repair,200.0,ml,2026-10-03 11:36:17.749+00,approved-source-dm-search.json,time
43232fe6-28b6-4f45-a09f-b1354e47b0be,Bali Curls SOS Protein Treatment,mask,2.79,2.75,True,https://www.dm.de/p/d/3122257/bali-curls-haarkur-total-repair-sos-protein-treatment,20.0,ml,2026-10-03 11:36:17.775+00,approved-source-dm-search.json,time
1bf36485-3fe8-4fe0-9a03-b2bf7b451f0c,Being (by ZURU) Mega Moisture Haarmaske,mask,6.79,6.79,False,https://www.rossmann.de/de/pflege-und-duft-being-mega-moisture-haarmaske/p/4895248006008,354,ml,2026-10-03 11:36:58.753+00,approved-source-rossmann-browser.json,window_start
106aaea7-cbdf-400c-bf3c-7cf7ce268577,Being (by ZURU) Mega Shine Haarmaske,mask,6.79,6.79,False,https://www.rossmann.de/de/pflege-und-duft-being-mega-shine-haarmaske/p/4895248006015,354,ml,2026-10-03 11:36:58.753+00,approved-source-rossmann-browser.json,window_start
52264c47-f339-49db-9fb2-207d1ad3b470,Fructis Hair Food Aloe Vera,mask,5.95,5.95,False,https://www.dm.de/p/d/1676340/garnier-fructis-haarmaske-aloe-vera-hair-food-3in1-trockenes-haar,400.0,ml,2026-10-03 11:36:17.789+00,approved-source-dm-search.json,time
9e1442c9-4ab8-4819-a851-66859a98ed80,Fructis Hair Food Papaya,mask,5.95,5.95,False,https://www.dm.de/p/d/1676330/garnier-fructis-haarkur-papaya-hair-food-3in1-maske,400.0,ml,2026-10-03 11:36:17.792+00,approved-source-dm-search.json,time
4a7b5b38-ff8b-4e0a-aaa2-4f5031797ee3,Garnier Fructis Haarkur Banana Hair Food 3in1 Maske,mask,5.95,5.95,False,https://www.dm.de/p/d/1676324/garnier-fructis-haarkur-banana-hair-food-3in1-maske,400,ml,2026-10-03 11:36:18.234+00,approved-source-dm-search.json,time
488685e8-4718-4cb5-a826-9bcb75014b34,"Garnier Fructis Haarmaske Keratin Sleek, Anti-Frizz Kur",mask,5.95,5.95,False,https://www.dm.de/p/d/3042310/garnier-fructis-haarmaske-keratin-sleek-anti-frizz-kur,370,ml,2026-10-03 11:36:18.239+00,approved-source-dm-search.json,time
d9825ad6-f549-4b02-a62a-eaa3bf917936,Gliss Liquid Silk Glanz 4-in-1 Bonding Haarmaske,mask,5.75,5.75,False,https://www.dm.de/p/d/1431893/schwarzkopf-gliss-haarmaske-4in1-liquid-silk,400.0,ml,2026-10-03 11:36:18.247+00,approved-source-dm-search.json,time
c7326c6b-6175-4ec2-865f-68baf476c986,Guhl 30 sec. Feuchtigkeit,mask,3.45,3.45,False,https://www.dm.de/p/d/1649554/guhl-haarkur-30-sek-feuchtigkeit,100.0,ml,2026-10-03 11:36:18.25+00,approved-source-dm-search.json,time
82a0d0bd-784f-4be0-aa6e-2d929b088912,Guhl Haarkur 30_sek Reparatur,mask,3.45,3.45,False,https://www.dm.de/p/d/1649553/guhl-haarkur-30-sek-reparatur,100,ml,2026-10-03 11:36:18.736+00,approved-source-dm-search.json,time
7c057f58-3e9b-4347-b4c1-f04cc4213f94,HASK Argan Conditioning Treatment Haarkur,mask,2.95,2.95,False,https://www.hagel-shop.de/hask-argan-oil-repairing-deep-conditioner-sachet-50-ml.html,50,ml,2026-10-03 11:38:37.911652+00,approved-source-specialist-summary.json,time
25359379-8a85-4f2f-a338-2a7361b747a7,Isana Professional Haarmaske Locken Traum,mask,2.79,2.79,False,https://www.rossmann.de/de/pflege-und-duft-isana-professional-haarmaske-locken-traum/p/4305615846965,250,ml,2026-10-03 11:36:58.753+00,approved-source-rossmann-browser.json,window_start
27fafbbd-9a89-4335-aed0-5cf5a081ef5c,Isana Professional Plex Maske,mask,2.49,2.49,False,https://www.rossmann.de/de/pflege-und-duft-isana-professional-plex-maske/p/4305615975948,125,ml,2026-10-03 11:36:58.753+00,approved-source-rossmann-browser.json,window_start
b3932c84-d6e1-453d-b52e-bed1df190fed,Jean&Len Tiefenreparatur Haarkur,mask,5.49,5.49,False,https://www.mueller.de/p/jean-len-haarkur-kokosoel-macadamia-PPN3097814/,250,ml,2026-10-03 11:38:38.131705+00,approved-source-specialist-summary.json,time
b1712c80-75a9-4d85-89c3-e12421f208e8,John Frieda Frizz Ease Wunder-Reparatur Tiefenwirksame Wunder-Kur,mask,9.99,9.95,True,https://www.dm.de/p/d/3123414/john-frieda-haarkur-frizz-ease-wunder-reparatur,250,ml,2026-10-03 11:36:18.742+00,approved-source-dm-search.json,time
13a1acb9-c824-4410-b4b6-ed358be30c37,"L'Oréal Paris Elvital Haarkur Glycolic Gloss, 5 Minuten Haar-Laminierung",mask,8.95,8.95,False,https://www.dm.de/p/d/1343854/l-oreal-paris-elvital-haarkur-glycolic-gloss-5-minuten-haar-laminierung,200,ml,2026-10-03 11:36:18.744+00,approved-source-dm-search.json,time
e482e42a-bdac-4f5e-bd3b-489e702c0c4b,L'Oréal Paris Elvital Haarmaske Hydra Hyaluronic,mask,4.95,4.95,False,https://www.dm.de/p/d/3122676/l-oreal-paris-elvital-haarmaske-hydra-hyaluronic,300.0,ml,2026-10-03 11:36:18.758+00,approved-source-dm-search.json,time
b281d528-b312-4e44-98be-3e01f7e56644,Neqi Gloss Glaze,mask,9.95,9.95,False,https://www.dm.de/p/d/2972720/neqi-haarkur-treatment-treasures-gloss-glaze,100.0,ml,2026-10-03 11:36:19.244+00,approved-source-dm-search.json,time
22d41784-5fc6-40bb-a4dc-92841322f933,Neqi Peptide Power,mask,9.99,9.99,False,https://www.rossmann.de/de/pflege-und-duft-neqi-intensive-haarkur-peptide-power/p/4063528086297,100,ml,2026-10-03 11:36:58.753+00,approved-source-rossmann-browser.json,window_start
d33543b0-6011-45f1-9bb2-125289ac849a,Neqi Repair Reveal,mask,9.95,9.95,False,https://www.dm.de/p/d/1455211/neqi-haarkur-repair-reveal,250.0,ml,2026-10-03 11:36:19.272+00,approved-source-dm-search.json,time
5122791e-6572-4ed0-b4c4-a7183912b7cf,OGX Coconut Miracle Oil Haarmaske,mask,9.99,8.95,True,https://www.dm.de/p/d/2170211/ogx-haarkur-coconut-miracle-oil,300,ml,2026-10-03 11:36:19.276+00,approved-source-dm-search.json,time
077a94ae-fede-4773-9435-17022c2b89c0,PANTENE PRO-V Haarmaske Keratin Repair & Care,mask,4.45,4.45,False,https://www.dm.de/p/d/1523350/pantene-pro-v-haarmaske-keratin-repair-und-care,300.0,ml,2026-10-03 11:36:19.278+00,approved-source-dm-search.json,time
7c1f2f42-3729-49fe-9f0d-e007b93a05c8,Pantene Bond Repair,mask,7.95,7.95,False,https://www.dm.de/p/d/1336162/pantene-pro-v-haarkur-miracles-bond-repair-intensive-haarmaske,300.0,ml,2026-10-03 11:36:19.669+00,approved-source-dm-search.json,time
a17d3783-2854-4911-bbfa-b2f3ef7f95a8,Pantene Hydra Glow,mask,6.45,6.45,False,https://www.dm.de/p/d/1343858/pantene-pro-v-haarmaske-miracles-hydra-glow-deep-hydration,300.0,ml,2026-10-03 11:36:19.726+00,approved-source-dm-search.json,time
3f75e6f8-7659-42ce-bcd9-3c21af5d2de4,Pantene Pro-V Moisture BOOST Keratin Protect Haarmaske,mask,3.99,4.45,True,https://www.dm.de/p/d/3088184/pantene-pro-v-haarmaske-moisture-boost-keratin-protect,300,ml,2026-10-03 11:36:19.733+00,approved-source-dm-search.json,time
d46c16fa-1ca6-45dd-bab4-af96217c5480,Pantene Pro-V Pantene Pro-V Serum Shot mit Collagen Peptiden,mask,1.95,1.99,True,https://www.ohfeliz.de/pantene-pro-v/haarkur-1-minute-wunder-ampulle,15,ml,2026-10-03 11:38:38.2405+00,approved-source-specialist-summary.json,time
8df49303-e1c9-4519-9a5f-4f9bc276ab5a,Pomélo+Co Shine Therapy,mask,9.95,9.95,False,https://www.dm.de/p/d/3110549/pomelo-co-haarmaske-shine-therapy,100.0,ml,2026-10-03 11:40:54.059+00,approved-source-dm-browser-residual.json,time
75a3dc03-a2d1-4a5a-aa66-50edff642c41,"Schwarzkopf Gliss Haarkur 7sec Express-Repair, Ultimate Repair",mask,6.95,6.95,False,https://www.dm.de/p/d/1581143/schwarzkopf-gliss-haarkur-7sec-express-repair-ultimate-repair,200,ml,2026-10-03 11:36:20.114+00,approved-source-dm-search.json,time
4f6dc4e4-d163-405d-9c68-3b2467090078,Syoss Intense Curls Haarmaske,mask,4.99,4.99,False,https://www.rossmann.de/de/pflege-und-duft-syoss-haarmaske-intense-curls/p/4015100866100,400,ml,2026-10-03 11:36:58.753+00,approved-source-rossmann-browser.json,window_start
961e3935-f823-44e7-8601-900c62855d3d,Syoss Intense Keratin,mask,4.95,4.99,True,https://www.rossmann.de/de/pflege-und-duft-syoss-intense-keratin-haarmaske/p/4015100860863,400,ml,2026-10-03 11:36:58.753+00,approved-source-rossmann-browser.json,window_start
ea353b65-544d-48a8-a057-c3e733b66326,Wahre Schätze 1-Minute Haarkur Argan & Camelia Öl,mask,4.95,4.95,False,https://www.dm.de/p/d/1679238/wahre-schaetze-haarkur-1-minute-argan-und-camelia-oel,340.0,ml,2026-10-03 11:36:20.16+00,approved-source-dm-search.json,time
b2e7e679-a6ba-4ba3-93d7-1fd35f6e6c75,Wahre Schätze Haarkur 1-Minute Avocado-Öl & Sheabutter,mask,4.95,4.95,False,https://www.dm.de/p/d/1679236/wahre-schaetze-haarkur-1-minute-avocado-oel-und-sheabutter,340.0,ml,2026-10-03 11:36:20.181+00,approved-source-dm-search.json,time
5a0b573e-bd4a-40a6-a328-9ceb8024109b,Wahre Schätze Haarkur 1-Minute Honig Schätze,mask,4.95,4.95,False,https://www.dm.de/p/d/1679237/wahre-schaetze-haarkur-1-minute-honig-schaetze,340,ml,2026-10-03 11:36:20.587+00,approved-source-dm-search.json,time
25a545c5-91c3-4338-baf9-63b3d5c155e3,Wahre Schätze Haarkur 1-Minute Traube,mask,4.95,4.95,False,https://www.dm.de/p/d/3115711/wahre-schaetze-haarkur-1-minute-traube,340,ml,2026-10-03 11:36:20.593+00,approved-source-dm-search.json,time
517dca50-5d55-4038-ba1d-f9b745708327,Allgäuer Ölmühle Bio Traubenkernöl,oil,7.99,7.99,False,https://www.mueller.de/p/allgaeuer-oelmuehle-bio-traubenkernoel-223549/,100.0,ml,2026-10-03 11:38:38.325734+00,approved-source-specialist-summary.json,time
55c39339-bac0-4899-9499-ee96fa0bdad8,Balea Professional Haaröl Plex Care,oil,2.75,2.75,False,https://www.dm.de/p/d/1343983/balea-professional-haaroel-plex-care,50,ml,2026-10-03 11:36:20.629+00,approved-source-dm-search.json,time
fd83b493-f7be-4071-9642-3d5b92e30dc2,Balea Traumlocken Öl,oil,2.75,2.75,False,https://www.dm.de/p/d/1635760/balea-professional-haaroel-traumlocken,100.0,ml,2026-10-03 11:36:20.632+00,approved-source-dm-search.json,time
8a1f6818-84c7-4ed8-929a-221f0352b971,Bali Curls Haaröl Bonding Oil,oil,9.95,9.95,False,https://www.dm.de/p/d/3093558/bali-curls-haaroel-bonding-oil,30,ml,2026-10-03 11:36:21.068+00,approved-source-dm-search.json,time
7dcde56c-40e7-4e84-86b7-f6ac3d407a9d,Dejan Garz Haaröl Violet Hair Oil The Britney,oil,8.95,8.95,False,https://www.dm.de/p/d/3110122/dejan-garz-haaroel-violet-hair-oil-the-britney,50,ml,2026-10-03 11:36:21.097+00,approved-source-dm-search.json,time
4a95e1de-54e9-4fcd-b227-72a5824d13c1,Dr. Scheller Jojobaöl,oil,8.45,8.45,False,https://www.dm.de/p/d/1675203/dr-scheller-koerperoel-jojoba,30.0,ml,2026-10-03 11:36:21.107+00,approved-source-dm-search.json,time
70ea52bc-2194-4bb3-82a8-3f4a2aede041,Dr. Scheller Reines Arganöl,oil,8.45,8.45,False,https://www.mueller.de/p/dr-scheller-reines-arganoel-2859166/,30.0,ml,2026-10-03 11:38:38.605639+00,approved-source-specialist-summary.json,time
4eddfc54-3704-4a3e-a9b7-0cff91538863,"Garnier Fructis Hitzeschutzspray Wunderöl, stark geschädigtes Haar",oil,5.95,5.99,True,https://www.rossmann.de/de/pflege-und-duft-garnier-fructis-hitzeschutzspray-anti-spliss-wunder-oel-stark-stark-geschaedigtes-haar/p/3600542020060,150,ml,2026-10-03 11:36:58.753+00,approved-source-rossmann-browser.json,window_start
c574ee6f-ad22-45c0-b936-57b847d93433,Garnier Fructis Sleek & Stay Heat-Activated Serum,oil,7.99,7.99,False,https://www.rossmann.de/de/pflege-und-duft-garnier-fructis-sleek-und-stay-heat-activated-serum/p/3600542638852,50,ml,2026-10-03 11:36:58.753+00,approved-source-rossmann-browser.json,window_start
e6b87909-6104-4a9a-a3ef-e1c64a1b15b1,Garnier Fructis Wunderöl,oil,5.95,5.95,False,https://www.dm.de/p/d/1499815/garnier-fructis-haaroel-oil-repair-wunder-oel,150.0,ml,2026-10-03 11:36:21.118+00,approved-source-dm-search.json,time
ea9d38a1-25ce-4c01-868b-960cc5ee4397,Garnier Wahre Schätze Curl Revival Öl,oil,6.99,6.99,False,https://www.rossmann.de/de/pflege-und-duft-garnier-wahre-schaetze-curl-revival-elixir-intensiv-naehrendes-haaroel/p/3600542624336,120,ml,2026-10-03 11:36:58.753+00,approved-source-rossmann-browser.json,window_start
b916efff-8b80-47d4-82cf-d8148d1eff53,HASK Argan Oil Repairing Shine Oil,oil,2.95,2.59,True,https://www.rossmann.de/de/pflege-und-duft-hask-argan-shine-oil/p/0071164029855,18,ml,2026-10-03 11:36:58.753+00,approved-source-rossmann-browser.json,window_start
1c43bc07-e3c6-4b8a-9b62-943147052e07,Haaröl Oil Repair Intensiv,oil,2.75,2.75,False,https://www.dm.de/p/d/1700841/balea-professional-haaroel-oil-repair-intensiv,100,ml,2026-10-03 11:36:21.559+00,approved-source-dm-search.json,time
770ee16b-154e-4c60-adf8-e9831718f6da,"Herbal Essences Haaröl Arganöl Elixir, Tiefenreparatur",oil,5.95,5.95,False,https://www.dm.de/p/d/3115710/herbal-essences-haaroel-arganoel-elixir-tiefenreparatur,95,ml,2026-10-03 11:36:21.584+00,approved-source-dm-search.json,time
c9ded02d-0bd8-4dc2-a7cc-c98f36dfe076,Isana Professional Haaröl Arganöl & Pflege,oil,2.79,2.79,False,https://www.rossmann.de/de/pflege-und-duft-isana-professional-haaroel-arganoel-und-pflege/p/4068134024947,100,ml,2026-10-03 11:36:58.753+00,approved-source-rossmann-browser.json,window_start
6ad82861-d68e-4e70-a976-78c0f35d087b,Kevin Murphy Young Again,oil,43.00,43.00,False,https://www.hagel-shop.de/kevin-murphy-young-again-leave-in-treatment-100-ml.html,100,ml,2026-10-03 11:38:38.647415+00,approved-source-specialist-summary.json,time
3eb198a5-9aab-4f28-9df1-c4869c6a12db,KoRo MCT Öl,oil,16.95,17.50,True,https://www.korodrogerie.de/bio-mct-oel-500-ml,500,ml,2026-10-03 11:38:38.652204+00,approved-source-specialist-summary.json,time
f7f28e1c-e177-4505-906d-c59f4291ba6b,"L'Oréal Paris Elvital Haaröl Öl Magique, für alle Haartypen",oil,6.95,6.95,False,https://www.dm.de/p/d/1621820/l-oreal-paris-elvital-haaroel-oel-magique-fuer-alle-haartypen,100,ml,2026-10-03 11:36:21.614+00,approved-source-dm-search.json,time
f89c1edc-cb71-4ec6-ac86-dc27c515568e,Langhaarmädchen Haaröl Intense Repair,oil,4.95,4.95,False,https://www.dm.de/p/d/1539520/langhaarmaedchen-haaroel-intense-repair,150,ml,2026-10-03 11:36:21.643+00,approved-source-dm-search.json,time
c05773dd-9656-4381-a0ab-8e9fc310c520,L’Oréal Elvital Öl Magique Jojoba,oil,6.99,6.95,True,https://www.dm.de/p/d/1621825/l-oreal-paris-elvital-haaroel-oel-magique-jojoba,100.0,ml,2026-10-03 11:36:22.021+00,approved-source-dm-search.json,time
21a94166-3813-4c0f-8912-508fb8f704f1,L’Oréal Öl Magique Midnight Serum,oil,7.95,7.95,False,https://www.dm.de/p/d/1333706/l-oreal-paris-elvital-haarserum-oel-magique-midnight-serum,100.0,ml,2026-10-03 11:36:22.023+00,approved-source-dm-search.json,time
7b5ff358-1b3b-411d-9220-5e6d30543235,Maria Nila True Soft Argan Oil,oil,37.00,27.75,True,https://www.hagel-shop.de/maria-nila-true-soft-argan-oil-100-ml.html,100.0,ml,2026-10-03 11:38:38.923003+00,approved-source-specialist-summary.json,time
ff13bc3a-8bc6-49df-85a0-7a67add26926,NANOIL Avocadoöl,oil,12.99,12.99,False,https://www.rossmann.de/de/pflege-und-duft-nanoil-avocadooel/p/5905669547130,50,ml,2026-10-03 11:36:58.753+00,approved-source-rossmann-browser.json,window_start
27a2dd61-6e54-4746-8e24-a698dbafbf91,Neqi Opulent Oil,oil,7.95,7.95,False,https://www.dm.de/p/d/1455216/neqi-haarserum-opulent-oil,75.0,ml,2026-10-03 11:36:22.065+00,approved-source-dm-search.json,time
010cf825-4892-4f78-bf20-26ad72122c60,Neqi Smooth Strength Smooth Strength Rosemary Oil,oil,9.95,9.95,False,https://www.dm.de/p/d/2972764/neqi-rosmarin-oel-smooth-strength,75.0,ml,2026-10-03 11:36:22.067+00,approved-source-dm-search.json,time
5767f7a6-757c-40fa-b990-8e0a1abaea17,Nuxe Huile Prodigieuse Öl,oil,38.90,38.90,False,https://de.nuxe.com/products/wichtiger-ol%c2%ae-1,100.0,ml,2026-10-03 11:38:38.970706+00,approved-source-specialist-summary.json,time
aa349c07-1add-44d4-9161-d99190182e5c,OGX Argan weightless Öl,oil,8.95,8.95,False,https://www.hagel-shop.de/ogx-renewing-argan-oil-of-morocco-oil-weightless-reviving-dry-oil-118-ml.html,118,ml,2026-10-03 11:38:38.98908+00,approved-source-specialist-summary.json,time
1ed63e8e-4840-49ec-a49e-2b9f19f8bfbf,OGX Haaröl Moroccan Argan Penetrating Oil,oil,7.95,7.95,False,https://www.dm.de/p/d/1442285/ogx-haaroel-moroccan-argan-penetrating-oil,100.0,ml,2026-10-03 11:36:22.524+00,approved-source-dm-search.json,time
2858a8b6-018b-4949-ae58-eedc348d20b4,OGX Miracle Coconut Oil,oil,7.95,7.95,False,https://www.dm.de/p/d/2322377/ogx-haaroel-coconut-miracle-oil,100.0,ml,2026-10-03 11:36:22.537+00,approved-source-dm-search.json,time
1a6d62c7-c5e5-45aa-a45f-2cfba4aeccb5,Pantene Pro-V Coconut Oil,oil,4.95,4.95,False,https://www.dm.de/p/d/1612745/pantene-pro-v-haaroel-coconut-infused-oil,100.0,ml,2026-10-03 11:38:52.596+00,approved-source-dm-search-residual.json,time
f0168972-dcd4-4593-aeb5-38d12343468a,Pantene Pro-V Haarkur Glatt & Seidig Arganöl Argan Infused Oil,oil,4.95,4.95,False,https://www.dm.de/p/d/1523357/pantene-pro-v-haarkur-glatt-und-seidig-arganoel-argan-infused-oil,100,ml,2026-10-03 11:40:55.628+00,approved-source-dm-browser-residual.json,time
fe974387-b487-470e-9799-69bb4249070b,Pantene Pro-V Keratin Protect Öl,oil,3.99,4.95,True,https://www.dm.de/p/d/1395948/pantene-pro-v-trocken-oel-mit-vitamin-e-keratin-protect-oil-repair-und-care,100,ml,2026-10-03 11:36:23.016+00,approved-source-dm-search.json,time
5827a3b9-a488-4c74-b13a-4d655f94f1c3,Pantene Pro-V Miracles 7in1 Öl-Spray,oil,8.95,8.95,False,https://www.mueller.de/p/pantene-pro-v-miracles-oel-spray-7-in-1-IPN2992303/,145.0,ml,2026-10-03 11:38:39.077764+00,approved-source-specialist-summary.json,time
1dce2c18-6a45-4017-a748-e3a7f1cba36f,Primavera Calendulaöl Bio,oil,15.90,15.90,False,https://www.mueller.de/p/primavera-calendulaoel-bio-IPN2893577/,100.0,ml,2026-10-03 11:38:39.151665+00,approved-source-specialist-summary.json,time
e93d522b-6a07-42c8-8858-75a830d809b9,Schwarzkopf Gliss Haaröl Tägliches Öl Elixier,oil,5.95,5.95,False,https://www.dm.de/p/d/1534910/schwarzkopf-gliss-haaroel-taegliches-oel-elixier,75,ml,2026-10-03 11:36:23.049+00,approved-source-dm-search.json,time
5ad6c978-fd27-469e-9f26-ff3f05b9f67a,Urban Alchemy Smooth Supreme Öl Serum,oil,22.90,22.90,False,https://urban-alchemy.com/products/smooth-supreme-ol-serum-75ml,75.0,ml,2026-10-03 11:38:39.218366+00,approved-source-specialist-summary.json,time
6c51a883-85ae-4778-bb17-2f1318e3c969,Weleda Haaröl Rosmarin,oil,11.95,11.95,False,https://www.dm.de/p/d/1342502/weleda-haaroel-rosmarin,50,ml,2026-10-03 11:36:23.052+00,approved-source-dm-search.json,time
07120c73-0171-4a2a-9d07-facd9ce90d8c,Weleda Hydra Shine Gloss Drops Alpen-Lein,oil,9.95,9.95,False,https://www.dm.de/p/d/3090516/weleda-haaroel-hydro-shine,30.0,ml,2026-10-03 11:36:23.485+00,approved-source-dm-search.json,time
a11855eb-64e5-438f-8880-1d3573efa9fa,benecos BIO Körperöl Aprikosenkernöl,oil,6.99,6.99,False,https://www.mueller.de/p/benecos-bio-koerperoel-aprikosenkernoel-IPN2878067/,100.0,ml,2026-10-03 11:38:39.402502+00,approved-source-specialist-summary.json,time
19aea9c4-4b90-4ec4-8cb6-90cb270010f7,benecos BIO Körperöl Macadamianussöl,oil,8.99,8.99,False,https://www.mueller.de/p/benecos-bio-koerperoel-macadamianussoel-IPN2878442/,100.0,ml,2026-10-03 11:38:39.422302+00,approved-source-specialist-summary.json,time
ca4ae209-79d2-4f4d-8e44-46e586cec62d,benecos BIO Körperöl Mandelöl,oil,8.99,8.99,False,https://www.mueller.de/p/benecos-bio-koerperoel-mandeloel-IPN2878446/,100.0,ml,2026-10-03 11:38:39.467504+00,approved-source-specialist-summary.json,time
3acd3c18-0a4b-45f8-9178-5bd2f4e0a38b,benecos BIO Körperöl Wunderbaumsamenöl,oil,4.99,4.99,False,https://www.mueller.de/p/benecos-bio-koerperoel-wunderbaumsamenoel-IPN2878448/,100.0,ml,2026-10-03 11:38:39.667943+00,approved-source-specialist-summary.json,time
acf9d5cd-76e4-49c7-9c04-0af1f20506ad,dmBio Kokosöl nativ,oil,2.85,2.85,False,https://www.dm.de/p/d/1544928/dmbio-kokosoel-nativ,300.0,ml,2026-10-03 11:38:56.441+00,approved-source-dm-search-residual.json,time
9bfe0a67-72ad-4951-bb99-9f2f5d5c724a,dmBio natives Olivenöl extra,oil,6.95,6.95,False,https://www.dm.de/p/d/1459848/dmbio-natives-olivenoel-extra,750,ml,2026-10-03 11:38:55.777+00,approved-source-dm-search-residual.json,time
2ffeae68-c625-4df5-be02-0c1b620aa0fc,nedura Schwarzkümmelöl ungefiltert,oil,17.95,17.95,False,https://www.dm.de/p/d/3098859/nedura-schwarzkuemmeloel-ungefiltert,500.0,ml,2026-10-03 11:36:23.529+00,approved-source-dm-search.json,time
3f3542c0-e82b-4306-a9e0-85df313a78cf,Anti-Haarverlust Serum,scalp_care,13.95,13.99,True,https://www.rossmann.de/de/pflege-und-duft-loreal-paris-elvital-fiber-booster-anti-haarverlust-serum/p/3600524189921,102,ml,2026-10-03 11:36:58.753+00,approved-source-rossmann-browser.json,window_start
945ecca3-c4f0-4426-9af5-a5a8482b3b27,Klärendes Serum,scalp_care,8.95,8.95,False,https://www.dm.de/p/d/3119228/schwarzkopf-gliss-haarserum-scalp-balance-klaerend,100.0,ml,2026-10-03 11:36:23.951+00,approved-source-dm-search.json,time
c9b231ee-77b5-45b7-8127-7a85d3ae7dd0,Kopfhaut-Feuchtigkeitspflege Leave-In Serum,scalp_care,5.95,5.95,False,https://www.dm.de/p/d/2482723/head-und-shoulders-leave-in-serum-derma-x-pro-kopfhaut-feuchtigkeitspflege,145,ml,2026-10-03 11:36:23.962+00,approved-source-dm-search.json,time
cd76afea-d332-4b1d-b44b-7de5bef9034f,Kopfhautberuhigendes Intensiv-Tonikum,scalp_care,16.95,16.95,False,https://www.dm.de/p/d/3086968/eucerin-eucerin-dermo-capillaire-5-prozent-urea-kopfhautberuhigendes-intensiv-tonikum,100,ml,2026-10-03 11:39:43.738+00,approved-source-eucerin-browser.json,time
2544de60-e295-47ec-98a1-6b4ca58ce4be,Kopfhautpeeling Tiefenreinigung,scalp_care,2.99,2.99,False,https://www.rossmann.de/de/pflege-und-duft-isana-professional-kopfhautpeeling-tiefenreinigung/p/4068134100023,150,ml,2026-10-03 11:36:58.753+00,approved-source-rossmann-browser.json,window_start
e51cfce0-fd76-4873-a868-cc3ca0301cbc,Kopfhautpflege Peeling Tiefenreinigung,scalp_care,2.95,2.95,False,https://www.dm.de/p/d/1700670/balea-professional-kopfhautpflege-peeling-tiefenreinigung,150.0,ml,2026-10-03 11:36:24.004+00,approved-source-dm-search.json,time
35d2cc66-6d5a-49c1-9a9f-c03bf6942ab0,Kopfhautpflege Serum Sensitive,scalp_care,2.95,2.95,False,https://www.dm.de/p/d/1459196/balea-professional-kopfhautpflege-serum-sensitive,150.0,ml,2026-10-03 11:38:53.584+00,approved-source-dm-search-residual.json,time
58aa2f19-b23a-4e09-ab0f-68c359371c9e,Multi-Peptide Serum for Hair Density,scalp_care,26.50,26.50,False,https://theordinary.com/de-de/multi-peptide-serum-for-hair-density-hair-scalp-treatment-100434.html,60,ml,2026-10-03 11:38:39.731585+00,approved-source-specialist-summary.json,time
b000d235-1fc6-434c-9ba1-f1207d36cded,Balea 2 in 1 Urea 5%,shampoo,1.75,1.75,False,https://www.dm.de/p/d/1376376/balea-med-duschgel-und-shampoo-5-prozent-urea-2in1,300.0,ml,2026-10-03 11:36:24.459+00,approved-source-dm-search.json,time
ead1333b-6839-464d-b272-673d39bb95a4,Balea Aqua Hyaluron,shampoo,1.25,1.25,False,https://www.dm.de/p/d/1675524/balea-professional-shampoo-aqua-hyaluron,250.0,ml,2026-10-03 11:36:24.476+00,approved-source-dm-search.json,time
eafe4cfa-f4a9-47b3-a36d-b689f1da5c7d,Balea Kopfhaut Sensitive Shampoo,shampoo,1.25,1.25,False,https://www.dm.de/p/d/1701109/balea-professional-shampoo-kopfhaut-sensitive,250.0,ml,2026-10-03 11:36:24.882+00,approved-source-dm-search.json,time
f184aef4-d8f9-4956-bcd6-ba1bf1ebeace,Balea Med Anti Schuppen,shampoo,2.45,2.45,False,https://www.dm.de/p/d/2968885/balea-med-shampoo-anti-schuppen-ultra-sensitive,250.0,ml,2026-10-03 11:36:24.909+00,approved-source-dm-search.json,time
0f71ff9d-bf1e-4d76-883a-e1a9e6a2094c,Balea Tiefenreinigung,shampoo,1.25,1.25,False,https://www.dm.de/p/d/1536339/balea-professional-shampoo-tiefenreinigung,250.0,ml,2026-10-03 11:36:24.91+00,approved-source-dm-search.json,time
a79513be-e34b-4a1e-b7eb-b3d4b58160be,Balea Ultra Sensitive,shampoo,1.75,1.75,False,https://www.dm.de/p/d/1569035/balea-med-shampoo-ultra-sensitive,250.0,ml,2026-10-03 11:36:24.916+00,approved-source-dm-search.json,time
4a45948b-53a6-48ac-9c02-20718c1d19c4,Being Big Hair Shampoo,shampoo,6.79,7.95,True,https://www.hagel-shop.de/being-big-hair-volumen-shampoo-354-ml-12133562.html?___store=hagel_de,354,ml,2026-10-03 11:38:39.748436+00,approved-source-specialist-summary.json,time
3f3c7d89-9e7b-4e91-85f7-d3c58d304918,Biotin & Collagen Shampoo,shampoo,6.95,6.95,False,https://www.dm.de/p/d/1443641/ogx-shampoo-thick-und-full-biotin-und-collagen,385.0,ml,2026-10-03 11:36:25.347+00,approved-source-dm-search.json,time
a1c3dc8d-2638-497f-8c7f-9b491c9003b0,Cantu Shampoo Locken Pflege,shampoo,6.95,6.95,False,https://www.dm.de/p/d/1675020/cantu-shampoo-cream-cleanse,400,ml,2026-10-03 11:36:25.363+00,approved-source-dm-search.json,time
1f51a69f-c946-4898-9091-2fd2c59fb467,Dejan Garz Shampoo,shampoo,9.99,9.95,True,https://www.dm.de/p/d/3063729/dejan-garz-shampoo-the-foundation,300.0,ml,2026-10-03 11:36:25.364+00,approved-source-dm-search.json,time
286071ba-9c9a-4c60-979c-7e51df949fbf,Garnier Fructis Locken Methode Feuchtigkeits-Shampoo,shampoo,3.95,3.95,False,https://www.dm.de/p/d/1324798/garnier-fructis-shampoo-locken-methode-feuchtigkeit,200,ml,2026-10-03 11:36:25.374+00,approved-source-dm-search.json,time
0017381a-84ba-46dd-9b6e-7ef457e8b5b4,Garnier Wahre Schätze Shampoo Honig Schätze,shampoo,3.45,3.45,False,https://www.dm.de/p/d/1670316/wahre-schaetze-shampoo-honig-schaetze,400,ml,2026-10-03 11:36:25.823+00,approved-source-dm-search.json,time
744de604-d266-453b-a56b-eea92c5ca565,Guhl Anti Schuppen,shampoo,3.95,3.95,False,https://www.dm.de/p/d/1446893/guhl-shampoo-anti-schuppen,250.0,ml,2026-10-03 11:36:25.833+00,approved-source-dm-search.json,time
cd7461cc-7fde-40dd-8d39-fca1aa8f30bf,Guhl Frische und Leichtigkeit,shampoo,3.95,3.95,False,https://www.dm.de/p/d/1446883/guhl-shampoo-frische-und-leichtigkeit-anti-fett,250.0,ml,2026-10-03 11:36:25.85+00,approved-source-dm-search.json,time
16ebefbe-48d8-4c7f-9c81-b903651a6e03,Guhl Hyaluron+,shampoo,3.99,3.95,True,https://www.mueller.de/p/guhl-hyaluron-pflege-feuchtigkeits-shampoo-250-ml-IPN2887702/,250,ml,2026-10-03 11:38:39.775334+00,approved-source-specialist-summary.json,time
02afbd03-1c7d-467c-8a07-a8b226d6f535,Guhl Kopfhaut Sensitive,shampoo,3.95,3.95,False,https://www.dm.de/p/d/1446989/guhl-shampoo-kopfhaut-sensitiv,250.0,ml,2026-10-03 11:36:26.228+00,approved-source-dm-search.json,time
9bfad335-a086-45a0-9af7-f26b36b4ecff,Guhl Kraft & Fülle,shampoo,4.95,4.95,False,https://www.dm.de/p/d/3043222/guhl-shampoo-kraft-und-fuelle,250.0,ml,2026-10-03 11:36:26.273+00,approved-source-dm-search.json,time
c07a181b-3d55-4d47-ad68-9c1e324d4496,Hask Curl Care Shampoo,shampoo,6.95,7.95,True,https://www.hagel-shop.de/hask-curl-care-moisturizing-shampoo-355-ml.html,355,ml,2026-10-03 11:38:39.960265+00,approved-source-specialist-summary.json,time
17b6d50e-ca5b-4f66-bdd7-39bd19afe748,Hask Shampoo Argan Oil,shampoo,6.95,7.95,True,https://www.hagel-shop.de/hask-argan-oil-repairing-shampoo-355-ml-5815312.html,355,ml,2026-10-03 11:38:40.167268+00,approved-source-specialist-summary.json,time
716a4f4e-6ba4-4742-a1cf-75e90ae1da3f,Head & Shoulders Anti Schuppen Sensitive,shampoo,3.95,3.95,False,https://www.dm.de/p/d/3115868/head-und-shoulders-shampoo-anti-schuppen-sensitive-kopfhaut,250.0,ml,2026-10-03 11:36:26.275+00,approved-source-dm-search.json,time
088b1427-ed22-424e-8cfd-ea2578120ae6,Head & Shoulders DERMAXPRO Shampoo Beruhigende Pflege,shampoo,4.95,4.95,False,https://www.dm.de/p/d/1343250/head-und-shoulders-shampoo-derma-x-pro-beruhigende-pflege,250.0,ml,2026-10-03 11:36:26.289+00,approved-source-dm-search.json,time
2e887538-3b92-4344-9bbd-1761383ba4a6,Herbal Essences Shampoo Fiji,shampoo,3.95,3.95,False,https://www.dm.de/p/d/3130636/herbal-essences-shampoo-fiji,350,ml,2026-10-03 11:36:26.703+00,approved-source-dm-search.json,time
41b99629-5a1c-402f-a486-d41780e89e66,Herbal Essences Tiefenreinigung & Glanz Shampoo Limettenduft,shampoo,3.95,3.95,False,https://www.dm.de/p/d/3115708/herbal-essences-shampoo-limettenduft-tiefenreinigung-und-glanz,350.0,ml,2026-10-03 11:36:26.722+00,approved-source-dm-search.json,time
22f95dcb-12de-4d62-b206-f03dbd6e94a0,ISANA Shampoo & Spülung 2 in 1 Volumen Malve & Acai,shampoo,0.65,0.65,False,https://www.rossmann.de/de/pflege-und-duft-isana-shampoo-und-spuelung-2in1-volumen/p/4305615566115/,300,ml,2026-10-03 11:36:58.753+00,approved-source-rossmann-browser.json,window_start
86f44889-b2c9-40a1-9190-58d7f738b6ca,ISANA Shampoo Sensitiv Baumwoll- & Kornblume,shampoo,0.65,0.65,False,https://www.rossmann.de/de/pflege-und-duft-isana-shampoo-sensitiv/p/4305615566184,300,ml,2026-10-03 11:36:58.753+00,approved-source-rossmann-browser.json,window_start
bef4f219-2c1f-4e02-8e3a-93056b95465a,Keratin Oil Shampoo,shampoo,5.99,6.99,True,https://www.rossmann.de/de/pflege-und-duft-ogx-strength-und-length-keratin-oil-shampoo/p/3574661798448,385,ml,2026-10-03 11:36:58.753+00,approved-source-rossmann-browser.json,window_start
cc9318d2-13af-4c83-8b5e-7effb687c92f,L'Oréal Paris Elvital Hydra Hyaluronic 72H Feuchtigkeit-Auffüllendes Shampoo,shampoo,9.95,9.95,False,https://www.dm.de/p/d/1455496/l-oreal-paris-elvital-shampoo-hydra-hyaluronic-feuchtigkeitsspendend,1000,ml,2026-10-03 11:36:26.727+00,approved-source-dm-search.json,time
eb99d805-20d4-4dbb-9651-17c9e954a769,NIVEA Power Repair Reparatur Shampoo,shampoo,2.95,2.95,False,https://www.dm.de/p/d/1620988/nivea-shampoo-power-repair,250,ml,2026-10-03 11:36:26.754+00,approved-source-dm-search.json,time
a7ff335a-7e81-4cf4-9c20-9209bff4386b,Neqi Moisture Mystery,shampoo,8.99,9.95,True,https://www.dm.de/p/d/1455199/neqi-shampoo-moisture-mystery,330.0,ml,2026-10-03 11:36:27.167+00,approved-source-dm-search.json,time
64fb44d5-8701-46ab-bcba-f1747f071e48,Neqi Volume Victory,shampoo,9.95,9.95,False,https://www.hagel-shop.de/neqi-volume-victory-shampoo-330-ml-12129028.html?___store=hagel_de,330,ml,2026-10-03 11:38:40.243127+00,approved-source-specialist-summary.json,time
f033afbe-281a-419e-a245-3ad83d721bd0,Nivea Shampoo&Conditioner 2in1,shampoo,3.95,3.95,False,https://www.dm.de/p/d/1620922/nivea-shampoo-und-conditioner-express-2in1,400.0,ml,2026-10-03 11:36:27.204+00,approved-source-dm-search.json,time
2ecd3c9d-90f6-45a3-a72c-daefed50be10,OGX Renewing + Argan Oil of Morocco Shampoo,shampoo,6.99,6.95,True,https://www.dm.de/p/d/1442074/ogx-shampoo-renewing-argan-oil-of-marocco,385.0,ml,2026-10-03 11:36:27.208+00,approved-source-dm-search.json,time
5effc311-25d7-44dd-8c16-b93c182068d3,Pantene Anti Schuppen,shampoo,3.95,3.95,False,https://www.dm.de/p/d/1561902/pantene-pro-v-shampoo-anti-schuppen-active-nutri-plex,300.0,ml,2026-10-03 11:36:27.209+00,approved-source-dm-search.json,time
7373656d-5fd7-46e8-81a3-2ef29e3c4c18,Pantene Grow Abundance,shampoo,7.95,7.99,True,https://www.rossmann.de/de/pflege-und-duft-pantene-pro-v-haarshampoo-grow-abundant-anti-haarverlust/p/8006530060042,290,ml,2026-10-03 11:36:58.753+00,approved-source-rossmann-browser.json,window_start
fcbc469f-93c8-4be5-85db-e789b09189c7,Pantene Hydra Glow Shampoo,shampoo,3.95,3.95,False,https://www.dm.de/p/d/1647567/pantene-pro-v-shampoo-miracles-hydra-glow,250.0,ml,2026-10-03 11:36:27.619+00,approved-source-dm-search.json,time
6fde3fe2-3850-4502-b9f2-ebb17eb13bad,Pantene Pro-V Volumen Pur,shampoo,4.99,3.95,True,https://www.dm.de/p/d/1561742/pantene-pro-v-shampoo-volumen-pur,300.0,ml,2026-10-03 11:36:27.641+00,approved-source-dm-search.json,time
0d341836-96b3-4364-9319-a7f0884b3da9,"Plantur Plantur 39 Phyto-Coffein-Shampoo für feines, brüchiges Haar",shampoo,9.95,9.95,False,https://www.dm.de/p/d/1158986/plantur-39-shampoo-phyto-coffein-feines-haar,250,ml,2026-10-03 11:36:27.679+00,approved-source-dm-search.json,time
7b5ec424-d21f-4eb8-999e-7aed98e94b86,Rosemary Mint Shampoo,shampoo,7.99,7.99,False,https://www.rossmann.de/de/pflege-und-duft-ogx-rosemary-mint-shampoo/p/3574661805931/,385,ml,2026-10-03 11:36:58.753+00,approved-source-rossmann-browser.json,window_start
03b847e5-01b9-40e5-950a-98efc73abb3a,Salthouse Anti Fett,shampoo,3.99,3.99,False,https://www.rossmann.de/de/pflege-und-duft-salthouse-totes-meer-therapie-anti-fett-shampoo/p/4008890006467/,250,ml,2026-10-03 11:36:58.753+00,approved-source-rossmann-browser.json,window_start
1ef2be82-259c-4a1f-af2e-3ac3403f9731,Salthouse Anti Juckreiz,shampoo,3.99,3.95,True,https://www.dm.de/p/d/1585727/salthouse-shampoo-totes-meer-therapie-anti-juckreiz,250.0,ml,2026-10-03 11:36:27.68+00,approved-source-dm-search.json,time
261e5c9f-d312-4206-82da-fbd0ab6f3614,Salthouse Anti Schuppen,shampoo,3.99,3.95,True,https://www.dm.de/p/d/1477449/salthouse-shampoo-anti-schuppen-totes-meer,250.0,ml,2026-10-03 11:36:28.1+00,approved-source-dm-search.json,time
57bae8c8-0ebd-4722-b955-c760d8ffcdbb,Sante Glossy Shine,shampoo,3.95,3.95,False,https://www.dm.de/p/d/1334046/sante-naturally-shampoo-glossy-shine,250.0,ml,2026-10-03 11:36:28.111+00,approved-source-dm-search.json,time
678119a0-9070-4faf-b9ed-7c0ac008767e,Sante Sensitive Care,shampoo,4.99,3.99,True,https://www.rossmann.de/de/pflege-und-duft-sante-sensitive-care-shampoo/p/4055297221467,250,ml,2026-10-03 11:36:58.753+00,approved-source-rossmann-browser.json,window_start
9d8d4709-4041-495e-98ee-e0261fa30e27,Schauma Anti Schuppen,shampoo,1.95,1.95,False,https://www.dm.de/p/d/1588728/schauma-shampoo-anti-schuppen-classic,400.0,ml,2026-10-03 11:36:28.113+00,approved-source-dm-search.json,time
3405f33b-ae5f-4185-b72b-68c9a87f7c06,Schwarzkopf GLISS Shampoo Liquid Silk,shampoo,2.95,2.95,False,https://www.dm.de/p/d/1430803/schwarzkopf-gliss-shampoo-liquid-silk,250,ml,2026-10-03 11:36:28.139+00,approved-source-dm-search.json,time
bb1b029f-a8fa-4276-8268-f6ce418128c7,Schwarzkopf GLISS Shampoo Total Repair,shampoo,2.95,2.95,False,https://www.dm.de/p/d/1430913/schwarzkopf-gliss-shampoo-total-repair,250,ml,2026-10-03 11:36:28.567+00,approved-source-dm-search.json,time
303b4c0c-53a4-46de-883d-c29e448ee590,Sebamed Anti Schuppen,shampoo,4.95,4.95,False,https://www.dm.de/p/d/1023236/sebamed-shampoo-anti-schuppen,200.0,ml,2026-10-03 11:38:53.249+00,approved-source-dm-search-residual.json,time
7e95671b-41a7-4f5c-9188-e535e46678ba,Sebamed Anti Schuppen Plus,shampoo,4.95,4.95,False,https://www.dm.de/p/d/1585729/sebamed-shampoo-anti-schuppen-plus,200.0,ml,2026-10-03 11:36:28.575+00,approved-source-dm-search.json,time
e7bfd306-b128-4735-a9f8-0eeacdbd5013,Sebamed Every-Day Shampoo,shampoo,3.99,3.95,True,https://www.dm.de/p/d/1005244/sebamed-shampoo-every-day,200.0,ml,2026-10-03 11:36:28.579+00,approved-source-dm-search.json,time
51a0b647-2794-49a3-96e1-e7695432561e,Sebamed Urea 5%,shampoo,5.95,5.99,True,https://www.rossmann.de/de/pflege-und-duft-sebamed-anti-juckreiz-akut-shampoo/p/4103040048448,200,ml,2026-10-03 11:36:58.753+00,approved-source-rossmann-browser.json,window_start
515de93c-1c77-465d-ae0d-2a8d6ddb3d73,Swiss-O-Par Teebaumöl,shampoo,2.45,2.45,False,https://www.dm.de/p/d/1028618/swiss-o-par-shampoo-teebaumoel,250.0,ml,2026-10-03 11:36:29.061+00,approved-source-dm-search.json,time
4988d0c9-fc92-4bf2-aa5c-bcc7cd8c7946,Syoss Intense Curls,shampoo,4.99,3.99,True,https://www.rossmann.de/de/pflege-und-duft-syoss-shampoo-intense-curls/p/4015100860504,440,ml,2026-10-03 11:40:04.681+00,approved-source-rossmann-browser.json,time
b761256d-c0d2-4413-9fa5-8ab950ef69bf,Syoss Intense Fullness Shampoo,shampoo,4.49,3.99,True,https://www.rossmann.de/de/pflege-und-duft-syoss-shampoo-intense-fullness/p/4015100860429/,440,ml,2026-10-03 11:36:58.753+00,approved-source-rossmann-browser.json,window_start
f8a8fd56-aeb0-4096-8d9d-5af484e3889f,Syoss Intense Volume Shampoo,shampoo,3.95,3.95,False,https://www.dm.de/p/d/3047032/syoss-shampoo-intense-volume,440.0,ml,2026-10-03 11:36:29.063+00,approved-source-dm-search.json,time
0ab645f9-d46d-4cf2-96a5-b5e00f74cae2,Syoss Shampoo Intense Keratin,shampoo,3.95,3.95,False,https://www.dm.de/p/d/3047030/syoss-shampoo-intense-keratin,440,ml,2026-10-03 11:36:29.079+00,approved-source-dm-search.json,time
88c230c5-1020-4648-a10e-c2a1e8c87e0e,Ultimate Shampoo,shampoo,6.99,6.95,True,https://www.dm.de/p/d/1346429/l-oreal-paris-elvital-shampoo-glycolic-gloss,200.0,ml,2026-10-03 11:36:29.092+00,approved-source-dm-search.json,time
7200bb0b-7463-433b-86c8-744f5c1431de,Wahre Schätze Aktivkohle,shampoo,2.75,2.75,False,https://www.dm.de/p/d/1679240/wahre-schaetze-shampoo-aktivkohle-fettige-kopfhaut,300.0,ml,2026-10-03 11:36:29.539+00,approved-source-dm-search.json,time
0d68d56f-7e82-41d0-a2a8-bbf8f02e0b33,Wahre Schätze Sanfte Hafermilch,shampoo,2.29,1.95,True,https://www.mueller.de/p/garnier-wahre-schaetze-shampoo-sanfte-hafermilch-6535810325/,300,ml,2026-10-03 11:38:40.377639+00,approved-source-specialist-summary.json,time
1e61a644-94b0-4356-ab55-f58572fa1e18,head&shoulders Anti-Schuppen Shampoo Classic Clean,shampoo,6.29,6.95,True,https://www.dm.de/p/d/1493055/head-und-shoulders-shampoo-anti-schuppen-classic-clean,500,ml,2026-10-03 11:36:29.544+00,approved-source-dm-search.json,time
e4e4fd05-33fd-4048-9553-76815bff5d43,schauma Shampoo Repair & Pflege,shampoo,1.95,1.95,False,https://www.dm.de/p/d/1588724/schauma-shampoo-repair-und-pflege,400,ml,2026-10-03 11:36:29.56+00,approved-source-dm-search.json,time
