id,name,category_key,baseline_price_eur,price_eur,price_delta_pct,package_value,package_unit,proposed_url,checked_at,source_file
a3b21686-fe35-46f1-b560-b8a563dc96ae,Redken Acidic Color Gloss Leave-In,leave_in,26.99,34.95,29.49,190,ml,https://www.bellaffair.de/redken-acidic-color-gloss-leave-in-spray,2026-10-03T10:39:03.559389+00:00,retailer-final-price-refresh.json
694c4568-9235-4893-ab54-96a75b3c4f27,Bali Curls Bonding Repair Leave-In Cream N°3,leave_in,13.9,9.95,-28.42,150.0,ml,https://www.dm.de/p/d/3120011/bali-curls-leave-in-cream-bonding-repair,2026-10-03T10:41:57.627Z,dm-final-matched-refresh.json
4827c174-92e9-4121-ab70-843d5c037ad0,Olaplex No.5 Leave-In,leave_in,34,24.95,-26.62,100,ml,https://www.number-one.de/Olaplex-No5-Moisturize-Mend-Leave-In-Conditioner-100-ml,2026-10-03T10:39:03.071374+00:00,retailer-final-price-refresh.json
5a9f4b7b-69d9-4e9a-8bbd-2dfbae9a5df3,HASK Keratin 5-in-1 Spray,leave_in,7.95,9.95,25.16,175,ml,https://www.beautykaufen.de/products/keratin-smoothing-leave-in-spray,2026-10-03T10:39:00.041987+00:00,retailer-final-price-refresh.json
169be6d1-bd8c-4902-ba1d-3db349cb4854,John Frieda Go Blonder Conditioner,conditioner,14.39,17.99,25.02,500,ml,https://www.rossmann.de/de/pflege-und-duft-john-frieda-go-blonder-go-blonder-conditioner/p/5037156296204,2026-10-03T10:40:27.513Z,rossmann-final-browser-refresh.json
7b5ff358-1b3b-411d-9220-5e6d30543235,Maria Nila True Soft Argan Oil,oil,37,27.75,-25.0,100.0,ml,https://www.hagel-shop.de/maria-nila-true-soft-argan-oil-100-ml.html,2026-10-03T10:39:08.589124+00:00,retailer-final-price-refresh.json
fe974387-b487-470e-9799-69bb4249070b,Pantene Pro-V Keratin Protect Öl,oil,3.99,4.95,24.06,100,ml,https://www.dm.de/p/d/1395948/pantene-pro-v-trocken-oel-mit-vitamin-e-keratin-protect-oil-repair-und-care,2026-10-03T10:42:01.302Z,dm-final-matched-refresh.json
6fde3fe2-3850-4502-b9f2-ebb17eb13bad,Pantene Pro-V Volumen Pur,shampoo,4.99,3.95,-20.84,300.0,ml,https://www.dm.de/p/d/1561742/pantene-pro-v-shampoo-volumen-pur,2026-10-03T10:41:40.338Z,dm-final-matched-refresh.json
118ebae1-b7a9-4a89-a2ff-6c31df28c4dc,EVO Head Mistress,leave_in,24.92,30,20.39,150,ml,https://www.beautykaufen.de/products/evo-cuticle-sealer,2026-10-03T10:38:59.583885+00:00,retailer-final-price-refresh.json
f042a36c-88d5-41ae-87fe-a816ea608bc6,Nivea Hairmilk Shine Glanzspülung,conditioner,2.49,2.99,20.08,200,ml,https://www.rossmann.de/de/pflege-und-duft-nivea-hairmilk-shine-glanzspuelung/p/4006000192673,2026-10-03T10:40:28.826Z,rossmann-final-browser-refresh.json
678119a0-9070-4faf-b9ed-7c0ac008767e,Sante Sensitive Care,shampoo,4.99,3.99,-20.04,250,ml,https://www.rossmann.de/de/pflege-und-duft-sante-sensitive-care-shampoo/p/4055297221467,2026-10-03T10:36:37.424Z,rossmann-final-browser-refresh.json
4988d0c9-fc92-4bf2-aa5c-bcc7cd8c7946,Syoss Intense Curls,shampoo,4.99,3.99,-20.04,440,ml,https://www.rossmann.de/de/pflege-und-duft-syoss-shampoo-intense-curls/p/4015100860504,2026-10-03T10:39:31.036Z,rossmann-final-browser-refresh.json
7a3d1d99-2ff4-49b9-b021-d5ec2bdb0fe6,Moroccanoil All In One Leave In Conditioner,leave_in,16,12.8,-20.0,50,ml,https://www.douglas.de/de/p/5011481841,2026-10-03T11:00:53Z,high-end-final-browser-refresh.json
39ec1b2d-4aa0-4c4e-b581-9b6d5efea530,Redken One United,leave_in,21.99,26,18.24,150,ml,https://www.number-one.de/Redken-One-United-Multi-Benefit-Treatment-150-ml,2026-10-03T10:39:04.765904+00:00,retailer-final-price-refresh.json
4a45948b-53a6-48ac-9c02-20718c1d19c4,Being Big Hair Shampoo,shampoo,6.79,7.95,17.08,354,ml,https://www.hagel-shop.de/being-big-hair-volumen-shampoo-354-ml-12133562.html?___store=hagel_de,2026-10-03T10:38:54.550037+00:00,retailer-final-price-refresh.json
3175b0a5-1be7-430f-b3d9-22ab3b4c11d2,Being Major Moisture Leave-In Conditioner,leave_in,6.79,7.95,17.08,354,ml,https://www.hagel-shop.de/being-major-moisture-feuchtigkeit-leave-in-conditioner-354-ml-12133576.html,2026-10-03T10:39:05.840620+00:00,retailer-final-price-refresh.json
bef4f219-2c1f-4e02-8e3a-93056b95465a,Keratin Oil Shampoo,shampoo,5.99,6.99,16.69,385,ml,https://www.rossmann.de/de/pflege-und-duft-ogx-strength-und-length-keratin-oil-shampoo/p/3574661798448,2026-10-03T10:36:32.797Z,rossmann-final-browser-refresh.json
9b664b11-fd11-47e3-9b7e-76e34736b43e,Alcina Hyaluron 2.0,leave_in,14.9,12.6,-15.44,125,ml,https://www.number-one.de/Alcina-Hyaluron-20-Spray-125-ml,2026-10-03T10:38:58.412459+00:00,retailer-final-price-refresh.json
648ba537-5180-440e-81ad-2b310b447d87,Curlsmith Hydrate & Plump Leave-In,leave_in,21,17.85,-15.0,237,ml,https://www.hagel-shop.de/curlsmith-hydrate-plump-leave-in-237-ml-12135900.html,2026-10-03T10:38:58.752800+00:00,retailer-final-price-refresh.json
0d68d56f-7e82-41d0-a2a8-bbf8f02e0b33,Wahre Schätze Sanfte Hafermilch,shampoo,2.29,1.95,-14.85,300,ml,https://www.mueller.de/p/garnier-wahre-schaetze-shampoo-sanfte-hafermilch-6535810325/,2026-10-03T10:38:58Z,retailer-final-price-refresh.json
c07a181b-3d55-4d47-ad68-9c1e324d4496,Hask Curl Care Shampoo,shampoo,6.95,7.95,14.39,355,ml,https://www.hagel-shop.de/hask-curl-care-moisturizing-shampoo-355-ml.html,2026-10-03T10:38:54.186922+00:00,retailer-final-price-refresh.json
17b6d50e-ca5b-4f66-bdd7-39bd19afe748,Hask Shampoo Argan Oil,shampoo,6.95,7.95,14.39,355,ml,https://www.hagel-shop.de/hask-argan-oil-repairing-shampoo-355-ml-5815312.html,2026-10-03T10:38:54.187142+00:00,retailer-final-price-refresh.json
b4bcb392-22a7-4642-bcdf-1949ca959f67,Hask Argan Oil Repairing Conditioner,conditioner,6.95,7.95,14.39,355,ml,https://www.hagel-shop.de/hask-argan-oil-repairing-conditioner-355-ml-5815313.html,2026-10-03T10:38:55.692196+00:00,retailer-final-price-refresh.json
37c65daf-cc2e-44ba-a976-ac0239c11f7d,Hask Curl Care Conditioner,conditioner,6.95,7.95,14.39,355,ml,https://www.hagel-shop.de/hask-curl-care-detangling-conditioner-355-ml.html,2026-10-03T10:38:55.909914+00:00,retailer-final-price-refresh.json
9f1ee875-95a2-4ab0-8bc5-23d1f12bd6f9,Syoss Tiefenspülung Intense Repair,conditioner,3.49,3.95,13.18,250.0,ml,https://www.dm.de/p/d/3047027/syoss-conditioner-intense-repair,2026-10-03T10:41:49.287Z,dm-final-matched-refresh.json
0d5a4af5-d046-4378-b608-515c9d1d66ec,Redken All Soft Mega Curls Leave-In,leave_in,24.44,27.62,13.01,150,ml,https://ellashaarshop.de/collections/leave-in-pflege/products/redken-all-soft-mega-curls-hydramelt-treatment,2026-10-03T10:39:03.694870+00:00,retailer-final-price-refresh.json
b916efff-8b80-47d4-82cf-d8148d1eff53,HASK Argan Oil Repairing Shine Oil,oil,2.95,2.59,-12.2,18,ml,https://www.rossmann.de/de/pflege-und-duft-hask-argan-shine-oil/p/0071164029855,2026-10-03T10:42:21.970Z,rossmann-final-browser-refresh.json
3f75e6f8-7659-42ce-bcd9-3c21af5d2de4,Pantene Pro-V Moisture BOOST Keratin Protect Haarmaske,mask,3.99,4.45,11.53,300.0,ml,https://www.dm.de/p/d/3088184/pantene-pro-v-haarmaske-moisture-boost-keratin-protect,2026-10-03T10:41:54.479Z,dm-final-matched-refresh.json
b761256d-c0d2-4413-9fa5-8ab950ef69bf,Syoss Intense Fullness Shampoo,shampoo,4.49,3.99,-11.14,440,ml,https://www.rossmann.de/de/pflege-und-duft-syoss-shampoo-intense-fullness/p/4015100860429/,2026-10-03T10:37:08.192Z,rossmann-final-browser-refresh.json
b139d4e8-6f26-4096-a1b9-d9efcb02d2ec,EVO Day of Grace Leave-In,leave_in,28,24.92,-11.0,200,ml,https://www.hagel-shop.de/evo-day-of-grace-pre-style-primer-200-ml-5826168.html,2026-10-03T10:38:59.158860+00:00,retailer-final-price-refresh.json
a7ff335a-7e81-4cf4-9c20-9209bff4386b,Neqi Moisture Mystery,shampoo,8.99,9.95,10.68,330.0,ml,https://www.dm.de/p/d/1455199/neqi-shampoo-moisture-mystery,2026-10-03T10:44:08.797Z,dm-final-matched-refresh.json
95e47992-b45b-4847-ba87-b8c3e608fc63,Neqi Moisture Mystery Conditioner,conditioner,8.99,9.95,10.68,250.0,ml,https://www.dm.de/p/d/1455201/neqi-conditioner-moisture-mystery,2026-10-03T10:41:45.042Z,dm-final-matched-refresh.json
25931499-63ac-4076-b88c-8c23a38f0fa5,Pomélo+Co Shine Therapy Conditioner,conditioner,8.99,9.95,10.68,200.0,ml,https://www.dm.de/p/d/3110568/pomelo-co-conditioner-shine-therapy,2026-10-03T10:41:46.094Z,dm-final-matched-refresh.json
1e61a644-94b0-4356-ab55-f58572fa1e18,head&shoulders Anti-Schuppen Shampoo Classic Clean,shampoo,6.29,6.95,10.49,500.0,ml,https://www.dm.de/p/d/1493055/head-und-shoulders-shampoo-anti-schuppen-classic-clean,2026-10-03T10:41:41.926Z,dm-final-matched-refresh.json
5122791e-6572-4ed0-b4c4-a7183912b7cf,OGX Coconut Miracle Oil Haarmaske,mask,9.99,8.95,-10.41,300.0,ml,https://www.dm.de/p/d/2170211/ogx-haarkur-coconut-miracle-oil,2026-10-03T10:41:54.003Z,dm-final-matched-refresh.json
11a099f7-eabe-4bdb-bfd3-995f35cb6ee4,Color WOW Money Mist,leave_in,31.99,35.2,10.03,150,ml,https://www.cocooncenter.de/color-wow-money-mist-spray/115987.html,2026-10-03T10:38:58.633520+00:00,retailer-final-price-refresh.json
07895098-a301-4137-b5c6-9061589b1800,Deep Cleansing Shampoo,deep_cleansing_shampoo,11.95,12.99,8.7,330,ml,https://www.rossmann.de/de/pflege-und-duft-neqi-deep-cleansing-shampoo/p/4063528103192,2026-10-03T10:39:27.202Z,rossmann-final-browser-refresh.json
bbfd8b03-d219-48bb-9ab3-b7c14bcae3dd,Leave-In Moisturizing Mist,leave_in,11.95,12.95,8.37,180,ml,https://www.hagel-shop.de/neqi-x-tbp-leave-in-mist-180-ml.html,2026-10-03T10:39:02.853020+00:00,retailer-final-price-refresh.json
696401be-16b5-4261-836f-28b57c1ecd59,It’s a 10 Miracle Leave-In,leave_in,44,40.48,-8.0,295.7,ml,https://www.hagel-shop.de/it-s-a-10-miracle-leave-in-product-295-7-ml.html,2026-10-03T10:39:00.261331+00:00,retailer-final-price-refresh.json
7d65ed50-898c-40c3-8865-ebe5688774c8,It’s a 10 Miracle Leave-In Lite,leave_in,23,21.16,-8.0,120,ml,https://www.hagel-shop.de/it-s-a-10-miracle-leave-in-conditioner-lite-120-ml.html,2026-10-03T10:39:00.648724+00:00,retailer-final-price-refresh.json
4f67cb6d-4b28-490b-9817-e8fc8e91b010,Jean&Len Colorglow Granatapfel Rose Conditioner,conditioner,4.29,3.95,-7.93,300.0,ml,https://www.dm.de/p/d/3086487/jean-und-len-conditioner-colorglow-granatapfel-rose,2026-10-03T10:41:47.918Z,dm-final-matched-refresh.json
0756a919-5fab-4b6c-a5da-8cb810869b6f,Living Proof Restore Repair Leave-In,leave_in,27.99,30.0,7.18,118,ml,https://www.cosmeterie.de/living-proof/restore-repair-leave-in,2026-10-03T10:39:02.136995+00:00,retailer-final-price-refresh.json
8182ee3f-cfe9-4a31-8b2f-a6a52c7e7abe,Bali Curls Moisturising Conditioner 75 ml,conditioner,3.75,3.95,5.33,75,ml,https://www.mueller.de/p/bali-curls-moisturising-conditioner-reisegroesse-75ml-PPN3184965/,2026-10-03T10:38:56.811883+00:00,retailer-final-price-refresh.json
3eb198a5-9aab-4f28-9df1-c4869c6a12db,KoRo MCT Öl,oil,16.95,17.5,3.24,500,ml,https://www.korodrogerie.de/bio-mct-oel-500-ml,2026-10-03T10:39:08.289859+00:00,retailer-final-price-refresh.json
d46c16fa-1ca6-45dd-bab4-af96217c5480,Pantene Pro-V Pantene Pro-V Serum Shot mit Collagen Peptiden,mask,1.95,1.99,2.05,15,ml,https://www.ohfeliz.de/pantene-pro-v/haarkur-1-minute-wunder-ampulle,2026-10-03T10:38:57.890980+00:00,retailer-final-price-refresh.json
43232fe6-28b6-4f45-a09f-b1354e47b0be,Bali Curls SOS Protein Treatment,mask,2.79,2.75,-1.43,20.0,ml,https://www.dm.de/p/d/3122257/bali-curls-haarkur-total-repair-sos-protein-treatment,2026-10-03T10:41:50.324Z,dm-final-matched-refresh.json
7fb31d10-ff21-410b-9dc2-2d1ad34b9130,Schwarzkopf GLISS Liquid Silk Spülung,conditioner,2.99,2.95,-1.34,200.0,ml,https://www.dm.de/p/d/1430911/schwarzkopf-gliss-conditioner-liquid-silk,2026-10-03T10:41:49.264Z,dm-final-matched-refresh.json
d28643c8-c340-4514-826a-6c1ac8419fe9,Trockenshampoo Bruenett,dry_shampoo,3.95,3.99,1.01,200,ml,https://www.rossmann.de/de/pflege-und-duft-batiste-trockenshampoo-bruenette-farbauffrischend-keine-weissen-rueckstaende-200-ml-online-kaufen/p/5010724527474,2026-10-03T10:39:28.537Z,rossmann-final-browser-refresh.json
cb228f9d-4e46-4302-9a6f-92c393eda1bd,Hydra Protect Hitzeschutzspray,heat_protectant,3.95,3.99,1.01,150,ml,https://www.rossmann.de/de/pflege-und-duft-taft-hitzeschutz-spray-aloe-boost/p/4015100893403,2026-10-03T10:42:18.559Z,rossmann-final-browser-refresh.json
2b2161a2-6c09-435f-adbb-49da44d434ae,Trockenshampoo Extra Volumen,dry_shampoo,3.99,3.95,-1.0,200.0,ml,https://www.dm.de/p/d/1685672/got2b-trockenshampoo-extra-volumen,2026-10-03T10:41:36.673Z,dm-final-matched-refresh.json
16ebefbe-48d8-4c7f-9c81-b903651a6e03,Guhl Hyaluron+,shampoo,3.99,3.95,-1.0,250,ml,https://www.mueller.de/p/guhl-hyaluron-pflege-feuchtigkeits-shampoo-250-ml-IPN2887702/,2026-10-03T10:38:54.186311+00:00,retailer-final-price-refresh.json
1ef2be82-259c-4a1f-af2e-3ac3403f9731,Salthouse Anti Juckreiz,shampoo,3.99,3.95,-1.0,250.0,ml,https://www.dm.de/p/d/1585727/salthouse-shampoo-totes-meer-therapie-anti-juckreiz,2026-10-03T10:41:40.358Z,dm-final-matched-refresh.json
261e5c9f-d312-4206-82da-fbd0ab6f3614,Salthouse Anti Schuppen,shampoo,3.99,3.95,-1.0,250.0,ml,https://www.dm.de/p/d/1477449/salthouse-shampoo-anti-schuppen-totes-meer,2026-10-03T10:41:40.388Z,dm-final-matched-refresh.json
e7bfd306-b128-4735-a9f8-0eeacdbd5013,Sebamed Every-Day Shampoo,shampoo,3.99,3.95,-1.0,200.0,ml,https://www.dm.de/p/d/1005244/sebamed-shampoo-every-day,2026-10-03T10:41:41.380Z,dm-final-matched-refresh.json
50951ef2-e16a-4a51-85c5-a709aa64c03a,Maria Nila Coils & Curls Oil in Cream,leave_in,22.5,22.3,-0.89,100,ml,https://mapeja.de/maria-nila-c-s-coils-curls-oil-in-cream-100ml/,2026-10-03T10:39:02.547676+00:00,retailer-final-price-refresh.json
961e3935-f823-44e7-8601-900c62855d3d,Syoss Intense Keratin,mask,4.95,4.99,0.81,400,ml,https://www.rossmann.de/de/pflege-und-duft-syoss-intense-keratin-haarmaske/p/4015100860863,2026-10-03T10:54:59.985Z,final-preferred-browser-recovery.json
5dc2fae3-a0ca-4e6c-9c30-02dd192772f0,Gliss Ultimate Repair Sprüh-Conditioner,leave_in,4.99,4.95,-0.8,200.0,ml,https://www.dm.de/p/d/1430908/schwarzkopf-gliss-sprueh-conditioner-express-repair-ultimate-repair,2026-10-03T10:41:56.090Z,dm-final-matched-refresh.json
51a0b647-2794-49a3-96e1-e7695432561e,Sebamed Urea 5%,shampoo,5.95,5.99,0.67,200,ml,https://www.rossmann.de/de/pflege-und-duft-sebamed-anti-juckreiz-akut-shampoo/p/4103040048448,2026-10-03T10:37:04.559Z,rossmann-final-browser-refresh.json
4eddfc54-3704-4a3e-a9b7-0cff91538863,"Garnier Fructis Hitzeschutzspray Wunderöl, stark geschädigtes Haar",oil,5.95,5.99,0.67,150,ml,https://www.rossmann.de/de/pflege-und-duft-garnier-fructis-hitzeschutzspray-anti-spliss-wunder-oel-stark-stark-geschaedigtes-haar/p/3600542020060,2026-10-03T10:42:25.123Z,rossmann-final-browser-refresh.json
109acbf6-51c5-42fc-8982-7a55b5ad2200,Being Bye Bye Frizz Conditioner,conditioner,6.79,6.75,-0.59,354.0,ml,https://www.dm.de/p/d/3118441/being-conditioner-bye-bye-frizz,2026-10-03T10:41:46.642Z,dm-final-matched-refresh.json
2ecd3c9d-90f6-45a3-a72c-daefed50be10,OGX Renewing + Argan Oil of Morocco Shampoo,shampoo,6.99,6.95,-0.57,385.0,ml,https://www.dm.de/p/d/1442074/ogx-shampoo-renewing-argan-oil-of-marocco,2026-10-03T10:41:39.847Z,dm-final-matched-refresh.json
88c230c5-1020-4648-a10e-c2a1e8c87e0e,Ultimate Shampoo,shampoo,6.99,6.95,-0.57,200.0,ml,https://www.dm.de/p/d/1346429/l-oreal-paris-elvital-shampoo-glycolic-gloss,2026-10-03T10:41:42.458Z,dm-final-matched-refresh.json
4c4980b7-99e0-4225-90fb-d55082a1f264,L'Oréal Paris Elvital Leave-In Haarkur Hydra Hyaluron Aufpolsterndes Feuchtigkeitsserum,leave_in,6.99,6.95,-0.57,150.0,ml,https://www.dm.de/p/d/1633046/l-oreal-paris-elvital-haarserum-hydra-hyaluronic-feuchtigkeitsspendend,2026-10-03T10:41:58.673Z,dm-final-matched-refresh.json
c05773dd-9656-4381-a0ab-8e9fc310c520,L’Oréal Elvital Öl Magique Jojoba,oil,6.99,6.95,-0.57,100.0,ml,https://www.dm.de/p/d/1621825/l-oreal-paris-elvital-haaroel-oel-magique-jojoba,2026-10-03T10:42:00.290Z,dm-final-matched-refresh.json
7373656d-5fd7-46e8-81a3-2ef29e3c4c18,Pantene Grow Abundance,shampoo,7.95,7.99,0.5,290,ml,https://www.rossmann.de/de/pflege-und-duft-pantene-pro-v-haarshampoo-grow-abundant-anti-haarverlust/p/8006530060042,2026-10-03T10:36:34.968Z,rossmann-final-browser-refresh.json
f7144789-8302-42b1-a5b1-e761402c1b7c,Pantene Pro-V Conditioner Grow Abundant,conditioner,7.95,7.99,0.5,250,ml,https://www.rossmann.de/de/pflege-und-duft-pantene-pro-v-grow-abundant-anti-haarverlust-spuelung/p/8006530059299,2026-10-03T10:56:14.649Z,final-preferred-browser-recovery.json
2b7db7e3-2058-4178-8a03-7d05f4a1d447,Redken Extreme Anti-Snap,leave_in,25.99,26.1,0.42,250,ml,https://www.hagel-shop.de/redken-extreme-anti-snap-250-ml-5814965.html,2026-10-03T10:39:04.464770+00:00,retailer-final-price-refresh.json
1f51a69f-c946-4898-9091-2fd2c59fb467,Dejan Garz Shampoo,shampoo,9.99,9.95,-0.4,300.0,ml,https://www.dm.de/p/d/3063729/dejan-garz-shampoo-the-foundation,2026-10-03T10:41:38.246Z,dm-final-matched-refresh.json
62ff4f08-3ff2-49f3-9e93-e6fd0f395a4d,John Frieda Frizz Ease Wunder-Reparatur Conditioner,conditioner,9.99,9.95,-0.4,250.0,ml,https://www.dm.de/p/d/3123413/john-frieda-conditioner-frizz-ease-wunder-reparatur,2026-10-03T10:41:48.355Z,dm-final-matched-refresh.json
b1712c80-75a9-4d85-89c3-e12421f208e8,John Frieda Frizz Ease Wunder-Reparatur Tiefenwirksame Wunder-Kur,mask,9.99,9.95,-0.4,250.0,ml,https://www.dm.de/p/d/3123414/john-frieda-haarkur-frizz-ease-wunder-reparatur,2026-10-03T10:41:53.985Z,dm-final-matched-refresh.json
3f3542c0-e82b-4306-a9e0-85df313a78cf,Anti-Haarverlust Serum,scalp_care,13.95,13.99,0.29,102,ml,https://www.rossmann.de/de/pflege-und-duft-loreal-paris-elvital-fiber-booster-anti-haarverlust-serum/p/3600524189921,2026-10-03T10:40:36.919Z,rossmann-final-browser-refresh.json
