brand,recommended_products,categories,price_range_eur,proposed_segment,check,note
Alcina,1,leave_in,12.60,professional,,salon brand
Allgäuer Ölmühle,1,oil,7.99,drugstore,,food oil sold in supermarkets/drugstores
Alterra,1,mask,2.79,drugstore,,Rossmann own brand
Alverde,2,"conditioner,leave_in",1.35-2.75,drugstore,,dm own brand
Authentic Beauty Concept,1,leave_in,38.60,professional,,salon brand
Aveda,1,bondbuilder,52.00,professional,,salon brand
Balea,23,"conditioner,deep_cleansing_shampoo,dry_shampoo,heat_protectant,mask,oil,scalp_care,shampoo",1.25-2.95,drugstore,,"dm own brand; ""Balea Professional"" line is still drugstore"
Bali Curls,3,"conditioner,mask",2.75-8.95,drugstore,,Rossmann
Batiste,5,dry_shampoo,3.75-3.99,drugstore,,
benecos,4,oil,4.99-8.99,drugstore,,
BioGourmet,1,oil,6.29,drugstore,,organic food oil
Cantu,3,"conditioner,leave_in,shampoo",6.95,drugstore,,dm/Rossmann
Color WOW,1,leave_in,35.20,professional,?,"premium, mostly Douglas/salons/online, not drugstore"
Curlsmith,3,leave_in,17.85-21.00,professional,?,"premium indie, online/Douglas"
Dejan Garz,2,"conditioner,shampoo",9.95,drugstore,?,influencer brand — confirm main channel
dmBio,2,oil,2.85-6.95,drugstore,,dm own brand
Dr. Scheller,2,oil,8.45,drugstore,,
Epres,1,bondbuilder,48.00,professional,,premium bond treatment
Eucerin,1,scalp_care,16.95,drugstore,?,pharmacy + drugstore
EVO,3,leave_in,24.92-30.00,professional,,salon brand
Fructis,2,mask,5.95,drugstore,,Garnier
Garnier,9,"conditioner,leave_in,oil",2.49-7.99,drugstore,,
Gliss,7,"conditioner,deep_cleansing_shampoo,leave_in,mask,scalp_care",2.95-8.95,drugstore,,
got2b,3,"dry_shampoo,heat_protectant",3.95-4.95,drugstore,,
Guhl,9,"conditioner,mask,shampoo",2.80-5.99,drugstore,,
Hair Biology,1,conditioner,5.24,drugstore,,Pantene line
Hask,7,"conditioner,leave_in,mask,oil,shampoo",2.59-9.95,drugstore,,
Head & Shoulders,4,"scalp_care,shampoo",3.95-5.95,drugstore,,
Herbal Essences,1,conditioner,3.95,drugstore,,
Innersense,1,oil,25.49,professional,?,premium/salon
ISANA,5,"conditioner,deep_cleansing_shampoo,dry_shampoo,leave_in,scalp_care",1.29-2.99,drugstore,,"Rossmann own brand; ""Isana Professional"" line is still drugstore"
It's a 10,2,leave_in,21.16-40.48,professional,,salon brand
Jean&Len,4,"conditioner,heat_protectant,mask,oil",3.95-5.49,drugstore,,
K18,2,"bondbuilder,leave_in",56.25-62.95,professional,,
Kérastase,1,bondbuilder,56.29,professional,,salon brand
Kevin Murphy,1,oil,43.00,professional,,salon brand
KoRo,1,oil,17.50,drugstore,?,online food retailer (MCT oil) — neither drugstore nor salon
L’Oréal,2,oil,6.95-7.95,drugstore,,Elvital (consumer L'Oréal Paris) — not L'Oréal Professionnel
L'Oréal Paris,5,"bondbuilder,conditioner,heat_protectant,leave_in,scalp_care",4.95-13.99,drugstore,,
Langhaarmädchen,4,"conditioner,shampoo",4.95,drugstore,,
Lavera,1,shampoo,5.45,drugstore,,
Living Proof,1,leave_in,30.00,professional,?,premium
Maria Nila,3,"leave_in,oil",22.30-32.00,professional,,salon brand
Monday,1,conditioner,5.75,drugstore,,
Monday Haircare,1,shampoo,7.95,drugstore,,same brand as Monday
MoriVeda,1,oil,12.37,drugstore,?,online-only oil brand
Moroccanoil,1,leave_in,12.80,professional,,salon brand
NANOIL,1,oil,12.99,drugstore,?,online-only oil brand
nedura,1,oil,17.95,drugstore,?,online-only oil brand
Neqi,14,"conditioner,deep_cleansing_shampoo,leave_in,mask,oil,shampoo",7.95-12.99,drugstore,,dm/Müller
NIVEA,2,"conditioner,shampoo",2.95-3.95,drugstore,,
NUTREEOIL,1,oil,24.99,drugstore,?,online-only oil brand
Nuxe,1,oil,38.90,drugstore,?,pharmacy brand (also dm)
OGX,12,"bondbuilder,conditioner,oil,shampoo",6.95-18.68,drugstore,,
OLAPLEX,4,"bondbuilder,leave_in,oil",20.95-34.00,professional,,
OUAI,1,leave_in,30.45,professional,?,"premium, Douglas/online"
Pantene,15,"conditioner,leave_in,mask,oil,shampoo",3.95-9.95,drugstore,,
Paul Mitchell,1,leave_in,26.45,professional,,salon brand
Pomélo+Co,3,"conditioner,mask",9.95,drugstore,?,online + dm — confirm
Primavera,1,oil,15.90,drugstore,?,organic/Reformhaus
Redken,5,"bondbuilder,leave_in",25.50-34.95,professional,,salon brand
Salthouse,3,shampoo,3.95-3.99,drugstore,,
Sante,5,"conditioner,mask,shampoo",3.95-6.99,drugstore,,
Schaebens,1,mask,1.49,drugstore,,
schauma,1,shampoo,1.95,drugstore,,
Sebamed,4,shampoo,3.95-5.99,drugstore,,
Shiseido Fino,1,oil,14.63,drugstore,?,Japanese import (online)
Swiss-O-Par,2,"deep_cleansing_shampoo,shampoo",2.45,drugstore,,
Syoss,6,"conditioner,mask,shampoo",3.95-4.99,drugstore,,
taft,1,heat_protectant,3.95,drugstore,,
The Ordinary,1,scalp_care,26.50,drugstore,?,"Douglas/online; mass-premium skincare"
Urban Alchemy,2,"leave_in,oil",22.90,professional,,salon brand
Wahre Schätze,4,"mask,shampoo",1.95-4.95,drugstore,,Garnier line
Weleda,1,oil,9.95,drugstore,,
Wella Professionals,1,leave_in,19.38,professional,,salon brand
