544b8011ad48004ef8adf5f19b16057d62ac40f9b7f4bce644f31d53777a1a31	ios/Chaarlie.xcodeproj/project.pbxproj
7615785a9052aa2d19ce87fa5c5f7df7b51376f8ff6f23f351cf3fd287d22bfe	ios/Chaarlie.xcodeproj/xcshareddata/xcschemes/Chaarlie.xcscheme
b84362a44ad4d4e67ed675d8a46214274ac866d61a11f10ab6b2c2c3d4d07ebb	ios/Chaarlie.xcodeproj/xcshareddata/xcschemes/HostedPilot.xcscheme
5eb6481f74115806da58a75d6cc7223b9990d08719a1fa84ca4d5dc842a1df66	ios/Chaarlie/App/AppModel.swift
21815b8cb22eec84016fc9c7f23f98d9ed8b2ed39c0ffe7cf05d668ec59dce1e	ios/Chaarlie/App/ChaarlieApp.swift
c8da79e61eb7d4ecfd5f6ae575e06e0fe1bbda02aefa155d1b368c82d99e6022	ios/Chaarlie/App/Theme.swift
3425209c8eeeda448637d95ef9f6e72b155c7666873ae1cc4ebd970ed102eb05	ios/Chaarlie/Assessment/AssessmentSheet.swift
358bf176b44005641ef25512d337de0bc82bdc7f3de55507c9dfb17a784d35c3	ios/Chaarlie/Auth/KeychainSessionStore.swift
5023663b6355b43ca167f02c3ab9fc30ac9cac233bfabd5ed3072dbfc4d86af4	ios/Chaarlie/Auth/LoginView.swift
25df3a421d1c05c14bb854026731e4a36000517124e79345b0da13572b36bd45	ios/Chaarlie/Networking/MobileClient.swift
e986e61ee190060f1ea5dcfc4d5f0ba3cac9f466e09a18b090d6a6ad7cfaf008	ios/Chaarlie/Networking/ProfileEditContract.swift
1c7a31196cd0734b6feda7ba0b921a9e8180a8a1217e1d87fc51c85d4fe8233a	ios/Chaarlie/Networking/ScanContract.swift
db638d70f1c31c25740910e1a7ddc0643cec9661cce783bc45db03b05df12b37	ios/Chaarlie/Onboarding/OnboardingDraft.swift
a1fdc58818a2cba166e726aaf99b5078ed7774d20fecf5c9c0727a8a92dbcb92	ios/Chaarlie/Onboarding/OnboardingDraftStore.swift
e85c82fb8b5c24ecec8ca64b6714b7fbe0257d5f6d6c5a1f2273da4515ba42b0	ios/Chaarlie/Onboarding/OnboardingModel.swift
c1fea787fb528debbe96c6b8fcf45d71927ea6d929dd6e4c156484537d8e7b46	ios/Chaarlie/Onboarding/OnboardingView.swift
d78fb5d33dba29301d1cb41c3decf9da63a61bb45119d45ccfc48c8c5d49bffe	ios/Chaarlie/Onboarding/QuizOptionButton.swift
bbab3fa1ff36651ad80e7b627dd033dae2853ea52ec39674b2043fbf63285888	ios/Chaarlie/Onboarding/SignedOutEntryView.swift
28af5ad68a6ae63f585138de9f4bf0442e4ee441ab8f9a3bd8c440a0bebb23e4	ios/Chaarlie/Profile/ProfileEditView.swift
c5a6dde80b59d4596344c429f859b581798430314cc117b298bbaf8755341fa2	ios/Chaarlie/Profile/ProfileView.swift
f88e4dfcb1bee3d6e9f6b342490a6c076d351f2f2deb44fa16d6080a8ecc1101	ios/Chaarlie/QA/DesignReviewFixture.swift
c701656f3b1df963cac650039dc165a966739e7a6473e12d5f41adbb183c6ede	ios/Chaarlie/QA/OnboardingFixture.swift
58172e0c0fac2cda8a37b348164bb55e44b0e69051e557e92b1d3f6910141f7b	ios/Chaarlie/Resources/Fonts/Manrope-OFL.txt
3ae11c49db0455a3cc33e37d380f20fdb8c7f8b41dc07625c177e3d87a9d6ae6	ios/Chaarlie/Resources/Fonts/Manrope.ttf
0bb2b43ffd21233963b5d0c0eb6f1abffa776ec53c56131b5818708f2730ffd6	ios/Chaarlie/Resources/Fonts/PlayfairDisplay-OFL.txt
1609a54fa3ad1abc8d0037132f73700333241ea0b65672079998e352f151dea7	ios/Chaarlie/Resources/Fonts/PlayfairDisplay-Regular.ttf
f9a8e776b4b048227f2f046b8716083eb04b1539d9ad1d4b87e81c1df28f86e3	ios/Chaarlie/Resources/Fonts/PlusJakartaSans-OFL.txt
076831b98043f50f829b6c91db3be4a844641f1c95bccff5c886ed87c661a852	ios/Chaarlie/Resources/Fonts/PlusJakartaSans-Regular.ttf
12c73afa7ed009721860fb37fc514f8779532a6c586381fa975ce1db3d8af015	ios/Chaarlie/Resources/Info-Debug.plist
65b614182355f037f838613a103dbe30573d3a3f2191a39e83584a6c581fbcc8	ios/Chaarlie/Resources/Info-HostedPilot.plist
60d4cedc75e85662f6d2a90607edf8638e5ad044cf6ddb0ce589fe898e8c253c	ios/Chaarlie/Resources/Info-Release.plist
446692efdc760fc8552e790966b1cdc4ac22239d565406dd638b15389a57330a	ios/Chaarlie/Resources/Simulator-HostedPilot.entitlements
27945b1c2bc5878c61a5312f6ba2529efa7699b12918c9f26c60ed60e52efdf8	ios/Chaarlie/Resources/Simulator.entitlements
628cc7545a5a0f114de8b28ea1b27221950f27b7faa1240756df1a091745ea88	ios/Chaarlie/Resources/onboarding-questions-v1.json
fb64a829cc92d3c9117965cdafff571614187585e8a68073d554dea74ea7a723	ios/Chaarlie/Scanner/CameraController.swift
d5570857cd899f77a20e834c4520a6fbc44d0815441982a90b4ae9957ca737fd	ios/Chaarlie/Scanner/ScannerView.swift
4521b82fcb697d07e2207554060d8ffcec31cc70c3a576670f54eb27622c7312	ios/ChaarlieTests/AccountSafetyTests.swift
178c22f316482499b5be20885807ec6ee4cc308f1f1ffd7b39afe2186e1266c9	ios/ChaarlieTests/Fixtures/glossary-v1.json
0654c00e8a07a4a900978352c5aa2046d1c6dedf5c947b14b560ddd08f8bdf1e	ios/ChaarlieTests/Fixtures/profile-edit-v1.json
3fac03648edb55567807590b79da69f66aa212a6e1d1c8ff610267c71290d912	ios/ChaarlieTests/Fixtures/scan-v1.json
53429ee65fecb10511eb350d8b30b63c5c9280cf6b7a6de146f7566beebcc8cd	ios/ChaarlieTests/MobileContractTests.swift
e8239e6cc26c97e73d0a3c6f7c7b705c5a8268550eb5b7646dedf9e6cb418f0e	ios/ChaarlieTests/OnboardingDraftTests.swift
dbc4308eb0ab33251eca4d93ff466951db924df3f3a68d568bc6b165a3b320bd	ios/ChaarlieTests/OnboardingModelTests.swift
1025475f37a908c37c1ced48dee6e66aad8a96efe8c72649c0e858de0080ad64	ios/ChaarlieTests/ProfileEditTests.swift
c5aceae52fd478ac416cf8fa488b61d36fa4fb0722be5e57bfac7b16f98c018f	ios/ChaarlieUITests/ChaarlieUITests.swift
a18d154c3cefa4da92e19d16d135e1bd4b3bd5bb9994bb7749b3810170694e85	ios/ChaarlieUITests/OnboardingUITests.swift
ef821c8204885a5e1529ec868158e8a0083fb84d7bb7d0c133f5307d96ba0340	ios/README.md
ccba8f4fcfe4490cfe79cd9a02ea97b29157299f966c800f7554d2927db20239	package-lock.json
d2042773aaaa6f4ef0f6151b158229798c74b2073c0db93563ce0432b57453a3	package.json
8dce4337fe28f5eae5bbb58f26ca918142dda280851995f099ec677369b2a258	plans/2026-09-16-speed-insights-public-funnel.md
36b29f07a314d48dfb90a345caa2a795f17dbd100d17ac911e1928f67d03b951	plans/ios-hosted-activation/activation-runbook.md
c1c3e9009a547c92b74c5050941106ecf8a3c1b4e92a438a8ceb1e6074f7a555	plans/ios-hosted-activation/gap-assessment.md
bcf9f9ea06b05689a15064265db94aff3268f28f5b2e9bab2cc53544cca230d1	plans/ios-hosted-activation/import-source.tsv
eea0e68d683bf274de6a24a40787de9656ebd7e66dbf53b55164b616c159704d	plans/ios-hosted-activation/native-import.tsv
816e5347138d549552c3247a7fbff96158752d3de50c7a2708f873600ff188c0	plans/ios-hosted-activation/native-verification.md
da4482330d64ca3cb8b9c9c794353dc73796c1bf11be9abd0be251aabedf4187	plans/ios-hosted-activation/plan.md
78ed3fb82f136410fb6dab1e29b120eac9f23ad1006f7488e1412aa3011863fe	plans/ios-hosted-activation/setup-preparation.md
939d8a43bb1ab92117dfc0d0c1149956a067f401a61e25d4bf748ac48af40459	scripts/mobile/README.md
083da4bf82c44342146ea9490cb76f71717ac7c8753d59bc2c00acf5823b8a3b	scripts/mobile/auth-integration.ts
cad9a84b92338f4284a6eea0098a0d3affee73af2e0b599fb0b587462200b758	scripts/mobile/catalog-fixture.ts
9f63c68ba4123bfeb1548e157c2f6e6b59f59141c57b8badfbfabc0f183f3ddd	scripts/mobile/check-migrations.mjs
4bc5e4b69376660029fb56102714efd6009fdff4e96f09cc5460f7842f59b04f	scripts/mobile/config.toml
8e5b654a864eb07e7edcc40bf5227befdab0603fd9ef79ed93302f5de7e589f3	scripts/mobile/context-integration.ts
5a2b55a2ca26d750bb9ac40c6b19df1c53b4f4e6d50179d73f7fa55adf418f2b	scripts/mobile/export-onboarding-questions.ts
bfde2118439f0a600383e654c9fe98fdc203bd16e512757b8fb5dafa5691eec4	scripts/mobile/legacy-local-baseline.sql
d949976aa88fcbb3bee4a9e0da8c429d47563db2283e83ae7a6672e2b634c1b4	scripts/mobile/legacy-local-rls.sql
5317e1089d9ca5d1ab350fd03193910a236744c71576efd57086e87be63b1c25	scripts/mobile/local-postgres.mjs
9b813cee555f85c65f7553127dba166dbe19d6ec346e4d22f875b761d1808f4e	scripts/mobile/local-stack.mjs
93d8d8007f6c5d4136eed2bb49598263a9d810fcfbe3f0a6280b6d56e014b278	scripts/mobile/mobile-login.html
cce45d4dfe8cfecddd3df0b97abdc67cfe01d7dfcc22092af7c9ab971893d9a8	scripts/mobile/open-test-link.mjs
2ec24b45bc49bc26c629a572459b878866868924282f9ca6477a9469b9795bdd	scripts/mobile/pilot-integration.ts
5dd9fc92352c1dafab7308b836f253ad5fc92a3c80bb209ed05c08d8092c8543	scripts/mobile/profile-edit-postgres-check.ts
f95b44a03e3d58db43e518224b0c969245ff1a94a07cc800f21fe14c0e270ed7	scripts/mobile/profile-fixture.ts
4e97b497025ec2cbd4ca4588666e0aa2f09bfd7093a777bd9b374396ab421308	scripts/mobile/seed.ts
fe4e81b7fb625eef723c0972556cfc8b0312520ff8b82036480fbfd108cf7b53	scripts/mobile/web-isolation-integration.ts
1cbf133788c8a7295b53c8eea9b05f85d638b697eb521f0a6df0eb93b93a774d	src/app/api/mobile/v1/auth/logout/route.ts
3cad08aa047bba859c6c651ed38f38a66af062f614f553ec1e7a26f1f59a0ec8	src/app/api/mobile/v1/auth/refresh/route.ts
15439a1ae28e3a56ea2fa6d6b0ce693a1a1e59b3cd4c23e1269806e8a29b775b	src/app/api/mobile/v1/auth/start/route.ts
5191cf818e913a5e20bbe7e37c7f9d66450550985ef2ee6f2926a51f31f058ea	src/app/api/mobile/v1/auth/verify/route.ts
b15ef056ca9fef0e5ec32c2561b24d26e60f9a43ebbb43950325d6633e4fb33c	src/app/api/mobile/v1/bootstrap/route.ts
ff23745b863cd4d5b247764afe339b5a39a2009f763ef7e8f94a2edc729a3fc2	src/app/api/mobile/v1/profile/edit/route.ts
224c82140b29deae2296cf2f9ae7dc57e91e731a3efea6422b70533bff439573	src/app/api/mobile/v1/profile/route.ts
082c2e86b2426786ee12264b82602a40dfa0023afb8ee4fe8b045c928c944e91	src/app/api/mobile/v1/scan/resolve/route.ts
ebff05d72867d14d06b06389da314ddd3b343cc610a8c4b83f04e3d99983ccc7	src/app/api/mobile/v1/scan/search/route.ts
5d15d4a459ab402297e67fbc13d691d13696a2e83c359676f6aa277d5fa9d6c8	src/app/api/profile/answers/route.ts
f706eabfcda1fde8618b9c0271595e656543aa17695b1cf5a96424cf3bd71316	src/app/api/profile/route.ts
c9c354d8d421817fc0eb1fade7aa63395dadc17b11f3049ae409d17b89587b2f	src/app/datenschutz/page.tsx
c1c8140e4e6510e26b12a502245ea0ec296600cd8585a2380194ffd8b5676426	src/app/profile/page.tsx
ded9c7698024a807a0524ac0d4bb80b1be1119d2c67aa0a7c484f6b5cc37e1aa	src/components/profile/edit-goals-flow.tsx
855c02adbc7f6915c63386c8fe2216bdd50e74850d1390365958c2789681c850	src/lib/auth/route-classification.ts
762b3b73e927de5da126f2a004bb3e789b304df82518e921f0a19cf30612ee97	src/lib/hair-profile/edit-route.ts
cfe51add3b6e651033288cc5e707f411a8187a3acc867ee77c70b5f30d6c1274	src/lib/mobile/auth-service.ts
936eba655ea093033722d092d0d3b13f3819a1eaa2f25f8473feccf14b3bb8b0	src/lib/mobile/auth.ts
e0ec7d627c4303af656fef590ea527afa90a6f0d2b7b1cb6aea46a2c9c3622ac	src/lib/mobile/contracts.ts
09dd9b2b189adad71d7af069d4ba974a940e9d417ce22cfa7bc4c0f9b8eb8e9d	src/lib/mobile/errors.ts
7f1934e4b13f6fb6db0e718293ac75dcf557d28f6c0982e7caf1db23eb49d93c	src/lib/mobile/pilot.ts
547b07bb014aeb79796d2a3e7a5b5d11c6f955f67cc24da528b0feb19644d20b	src/lib/mobile/profile-edit-contract.ts
66b3e2ffe5dd93ba7942ddf9738f30bfa161b9311fd41c3aacacb04b91a29401	src/lib/mobile/profile-edit-service.ts
347c8a4fb63ae1ca34e20a1c93cec4faebff52d1738fb3b6560000de92c93d12	src/lib/mobile/profile-service.ts
c35290d18e995c979773e373ee1a6fb7daf6d0c676be136485ff5a119ee6b4b3	src/lib/mobile/result-presentation.ts
a1dc9b026df1cea3475ac1991ecb89404756d1d7d811a751a4a7f7ef40545f7b	src/lib/mobile/scan-contracts.ts
54790d32e66a90d4c50c8d05b050411438b6dfedaaf75aed2caa55fcc7666715	src/lib/mobile/scan-service.ts
c33fca23a001706f492cea8c45e8c5f426e45bcf88d71b683a82184b5681740d	src/lib/observability/speed-insights.ts
be3b30d81d0bf7fc7df6bd91afb84896a0528561eae06798cced97e89c1e799b	src/lib/personal-plan/products/fit-comparison.ts
f95f71134da0d508e8128190d94417d364591965ed49ccf2a69499b8686a5c4d	src/lib/scan/masked-alternative.ts
3ea93de572b145c43007b3bb28373f3056438ea71ba698c7fd8a9293899b0177	src/lib/scan/product-presentation.ts
897769a982848d5b5ebb27b47502190be45a26fb85dc6c94a10f72e820774aea	src/lib/scan/profile-context.ts
009fc2c9e7952dd85d02a15c2b04d2201a5015782fab75275b034368f4584925	src/lib/scan/profile-edit.ts
533f118abf48d49bbcf1ecde1528bd5b5a523028acb6136f2ed452f24077f0dd	src/lib/scan/resolve-verdict.ts
895b2afc2c1c3893601715da2236ae7b8e903292369e67203d159d2c6a0ab539	src/lib/scan/scanner-context-supabase.ts
fdb312fe6b891119212f6516418455dcf28dbf56be5b16c7481a97b6f5fb0635	src/lib/scan/scanner-context.ts
0f9613b5e123fde2482877353571227fc041d0035505211c4bdf7aad6cf9563b	src/lib/scan/types.ts
ca1687259d3747b16c8ddff8b02b1e4fcf7872714d9d6f96a95957e7c11fd4d6	src/lib/supabase/middleware.ts
2e03b47daab496287c797897d3bddcebfeac0650faedbe2aed534c5010f78040	src/proxy.ts
855c6dcc801fc1b4bb8c7216421270451ec4bd2c56208820b00edf45d7ab107c	supabase/functions/_shared/mobile-credentials.ts
43bcca98d5d4e34b243c419c54720d94838c6b04b1756b07324508f64a1d0a3a	supabase/functions/send-email/deno.json
2da44c4e1d43b663e23e16647972e2c932855067331009f94a8889817b8c7c03	supabase/functions/send-email/deno.lock
43aad8cb1e540e7dff7fcb0e49efeb3e3bdef99bf68415be32d83daac1881ce4	supabase/functions/send-email/index.ts
99d92cb2af0de8704145b21399faaee2c77e4a3c1209d8db9f187b0b07711260	supabase/functions/send-email/pilot-message-builder.ts
1a046558c761df74ffa25299dd154d8451e8e7aa9ecd1e01141b2c9fa5910995	supabase/migrations/20260916175229_hosted_mobile_auth_attempts.sql
d2c7a0630f451346ada3cfcee8af60f07e10a0587d0bf4d17b8a7b745d05b34e	supabase/migrations/20260916175235_hosted_mobile_scanner_context.sql
6698086c9f12f5a8058819cb70eb094e8414dc9ba097785501a80053b835cb82	supabase/migrations/20260916175239_hosted_mobile_profile_edit.sql
178c22f316482499b5be20885807ec6ee4cc308f1f1ffd7b39afe2186e1266c9	tests/fixtures/mobile/glossary-v1.json
0654c00e8a07a4a900978352c5aa2046d1c6dedf5c947b14b560ddd08f8bdf1e	tests/fixtures/mobile/profile-edit-v1.json
3fac03648edb55567807590b79da69f66aa212a6e1d1c8ff610267c71290d912	tests/fixtures/mobile/scan-v1.json
b70fc9d336d136d5d03a59d06a12eb92d05f7cc43fb4725a3a13f10e37452700	tests/free-registration-journey.test.ts
cc4765672e906b578d45a7253f8db085ff057b79d057ca1f5390e52e32e53f25	tests/free-snapshot-provisioning-acceptance.test.ts
7fa0cd7442fc184830e74b51b0236e677418f4111d983c39482165295bda0c70	tests/helpers/scanner-context-rpc.ts
0435bf2a3ade0c3de1097f9b78a60cf71a94e6f95956e88f1f1463b5445c8864	tests/mobile-auth-store.test.ts
ca4c9ccb45b482c938a884e8fc80026e4d36860ad363685d03bca5ac9f254e25	tests/mobile-auth.test.ts
b15e60a66a36eba3dd80045d14d78208ac277e6c43cfe8c0aa728c277b66f8a4	tests/mobile-catalog-fixture.test.ts
184eb760ec10dcf34b0b6b420f99f6d63dc25aea6d2325083ebfbeb93894fdf6	tests/mobile-credentials.test.ts
b75df9fda94460ebd05a7d7a91d4e396aedc8d19ba6c20ade97524cf1f206ccd	tests/mobile-onboarding-questions.test.ts
5d64b0f025fbb62878fbbd088c4d095828516ad914aadb4bf3bb905353360fd1	tests/mobile-pilot-boundary.test.ts
8cb1ac0ba6d4c414b58a60a6ff378cf7cd4ccefc23a2d165678a287e1846e300	tests/mobile-pilot-lifecycle.test.ts
04ebd40706d0bf565976a360ea6b46eb0a671f83f8806219fa64f0dae6b51724	tests/mobile-pilot-mail.test.ts
ee329973ef458896369e19679e69812f704c632ba1764af829683b7450112dfc	tests/mobile-profile-edit-contract.test.ts
329d468e9e9d7d5096016248ecca19acc31e1097164665133a119d408c9c9110	tests/mobile-profile-edit-migration.test.ts
8a61667e769195de70f3e306e74de81b782321a43e36fae379aab9983d1c025a	tests/mobile-profile-edit-publication.test.ts
e1f34a942210e88d8f81604adb8286ff3f3e04e3bc2254ede0e96479f0efa3e1	tests/mobile-profile-migration.test.ts
bd814a7ec4f13025440166cda8eb7b7b0465c9a91b63e4342535f41a2b3f0ddd	tests/mobile-profile-service.test.ts
66cc0cc4c91c226a75b899c977cdc55705cd9693b41ce934263f0c53e428bb5d	tests/mobile-route-admission.test.ts
95f53e9d48b615b218236f6bdf952ef3e385f7f79510911deab29e15be90a576	tests/mobile-scan-authority.test.ts
0c6372745e562c72c7d1f42b1da3e64909fd6b024dd79bc2a6e0b577b7a3e1dd	tests/mobile-scan-contracts.test.ts
294770c338f9f011dceeac1c76dedef6b600acd6e5a56ab8cda4f17f3134ec88	tests/mobile-scan-presentation.test.ts
47aea5a1b47cef245b2461f808b37b9946c1b90af7fa69d0cca0bb08a482865d	tests/profile-shared-edit.test.ts
a1954509f65c914f35ed7e4d397685623a3a92c3fc7939603f1d84f7165a0677	tests/scan-profile-context.test.ts
ea4147956e141ed43ebffec305996f081f4cfed8e5237f462e82d13b09ed638f	tests/speed-insights-integration.test.ts
